[1,["d8Urn5eaxLnbR0cCJAb1hU"],["_textureSetter"],["cc.SpriteFrame"],0,[[[{"name":"white_spade","rect":[0,1056,150,159],"offset":[0,0],"originalSize":[150,159],"capInsets":[0,0,0,0]}],[0],0,[0],[0],[0]],[[{"name":"Card_front","rect":[0,196,143,196],"offset":[0,0],"originalSize":[143,196],"capInsets":[0,0,0,0]}],[0],0,[0],[0],[0]],[[{"name":"Card_back","rect":[0,0,143,196],"offset":[0,0],"originalSize":[143,196],"capInsets":[0,0,0,0]}],[0],0,[0],[0],[0]],[[{"name":"Card_shadow","rect":[0,392,143,187],"offset":[0,0],"originalSize":[143,187],"capInsets":[0,0,0,0]}],[0],0,[0],[0],[0]],[[{"name":"white_heart","rect":[0,897,150,159],"offset":[0,0],"originalSize":[150,159],"capInsets":[0,0,0,0]}],[0],0,[0],[0],[0]],[[{"name":"white_diamond","rect":[0,738,150,159],"offset":[0,0],"originalSize":[150,159],"capInsets":[0,0,0,0]}],[0],0,[0],[0],[0]],[[{"name":"white_club","rect":[0,579,150,159],"offset":[0,0],"originalSize":[150,159],"capInsets":[0,0,0,0]}],[0],0,[0],[0],[0]]]]