[1,["fco/mChv1KFoiu//VFurLi","03K3XlV5RCCZZLKz/tiriY","e6ZW76fNZEf7rUQL5FCUTd","13HkIfP6FKjIw3WZU+M8/7","ffjs6eBghO0YagjNnLXF0U","3f5JUSn+dPqazmLwX+chyK","fbRMviMrxD2Z6r0wEaWq4B","b3L+qQS85No74WqPagcuSk","9514NHCkdJOqQiar9hAkIs","09p9nZ83tFI4Ig4qLgP/tT","2150khWT9JUbd7/t5itOpF","c3+cuithVOsbprddEMolCM","aeS3zZf7lAO51jdOKKHYgj","94X1VitCFM5LSEb47zSpB9","46GN73CwBH3JbRZmt6hgyX","b2KGKdD01B144V+144Dl8u","e8YfKCRD1KE4Ydclz1ek9C","2a8tMLOlZBbJzOo54JEjw2","4akkTHO0VESqBgqwOBNXEq","5cST0b4rZLOJUmZsbEZnfr","dc5HSG2pxHMLklVrZnsv9T","ecjmZDOuZEzrWDKx/Zktg6","3fjomqIjZJ4IcvhySN730b","d9PCiKvHhHS4C/BK81rH14","d4lP40dIFKGZ79EphvV3HW","84JBgrerhAz7LXSPUwgMzZ","b0KHFPjhZNDrUJcZ9bwliP","50NZ9Jh/hNMZFaBSI2A4IL","8c/F8PaIJNGb6EUKIL1psL","09cQxEfW1FdZEArJ6ICGfn","5axUz0TNJFC6umDz4XlBBu","4fwNdVxqxE+5hRuWRh71Td","d2fijWwZJMGp3E5yXmKpTT","23SPzVDHFLT6Ab+CDAVrXd","b8nsQNeQ9P3oxvtKZKY1Mh","c7W6jc0P9KrrlmIT7X1Ibj","9bWpWFk5lH77+SargcQOLp","48rehoKqBMy4+qCmheWT5m"],["_textureSetter","angel","angry","annoyed","big_smiley","broken_heart","chuckle","confused","cool","crying","currency","devil","disgust","donkey","duh","embarrassed","fish","geek","heart","img_black_club","img_black_spade","img_red_diamond","img_red_heart","kiss","party","phew","sad","shark","skeptic","sleepy","smile","smirk","speechless","surprised","thumbs_down","thumbs_up","tongue_out","wink"],["cc.SpriteFrame",["cc.SpriteAtlas",["_name","_spriteFrames"],2,11]],[[1,0,1,2]],[[[{"name":"angel","rect":[1,1,45,45],"offset":[0,0],"originalSize":[45,45],"capInsets":[0,0,0,0]}],[0],0,[0],[0],[0]],[[{"name":"sleepy","rect":[377,95,45,45],"offset":[0,0],"originalSize":[45,45],"capInsets":[0,0,0,0]}],[0],0,[0],[0],[0]],[[{"name":"crying","rect":[377,1,45,45],"offset":[0,0],"originalSize":[45,45],"capInsets":[0,0,0,0]}],[0],0,[0],[0],[0]],[[{"name":"annoyed","rect":[95,1,45,45],"offset":[0,0],"originalSize":[45,45],"capInsets":[0,0,0,0]}],[0],0,[0],[0],[0]],[[{"name":"currency","rect":[424,1,45,45],"offset":[0,0],"originalSize":[45,45],"capInsets":[0,0,0,0]}],[0],0,[0],[0],[0]],[[{"name":"surprised","rect":[95,142,45,45],"offset":[0,0],"originalSize":[45,45],"capInsets":[0,0,0,0]}],[0],0,[0],[0],[0]],[[{"name":"geek","rect":[283,48,45,45],"offset":[0,0],"originalSize":[45,45],"capInsets":[0,0,0,0]}],[0],0,[0],[0],[0]],[[{"name":"img_red_heart","rect":[48,95,45,45],"offset":[0,0],"originalSize":[45,45],"capInsets":[0,0,0,0]}],[0],0,[0],[0],[0]],[[{"name":"broken_heart","rect":[189,1,45,45],"offset":[0,0],"originalSize":[45,45],"capInsets":[0,0,0,0]}],[0],0,[0],[0],[0]],[[{"name":"duh","rect":[142,48,45,45],"offset":[0,0],"originalSize":[45,45],"capInsets":[0,0,0,0]}],[0],0,[0],[0],[0]],[[{"name":"wink","rect":[283,142,45,45],"offset":[0,0],"originalSize":[45,45],"capInsets":[0,0,0,0]}],[0],0,[0],[0],[0]],[[{"name":"heart","rect":[330,48,45,45],"offset":[0,0],"originalSize":[45,45],"capInsets":[0,0,0,0]}],[0],0,[0],[0],[0]],[[{"name":"smirk","rect":[1,142,45,45],"offset":[0,0],"originalSize":[45,45],"capInsets":[0,0,0,0]}],[0],0,[0],[0],[0]],[[{"name":"shark","rect":[283,95,45,45],"offset":[0,0],"originalSize":[45,45],"capInsets":[0,0,0,0]}],[0],0,[0],[0],[0]],[[{"name":"smile","rect":[424,95,45,45],"offset":[0,0],"originalSize":[45,45],"capInsets":[0,0,0,0]}],[0],0,[0],[0],[0]],[[{"name":"img_black_club","rect":[377,48,45,45],"offset":[0,0],"originalSize":[45,45],"capInsets":[0,0,0,0]}],[0],0,[0],[0],[0]],[[{"name":"phew","rect":[189,95,45,45],"offset":[0,0],"originalSize":[45,45],"capInsets":[0,0,0,0]}],[0],0,[0],[0],[0]],[[{"name":"skeptic","rect":[330,95,45,45],"offset":[0,0],"originalSize":[45,45],"capInsets":[0,0,0,0]}],[0],0,[0],[0],[0]],[[{"name":"donkey","rect":[95,48,45,45],"offset":[0,0],"originalSize":[45,45],"capInsets":[0,0,0,0]}],[0],0,[0],[0],[0]],[[{"name":"cool","rect":[330,1,45,45],"offset":[0,0],"originalSize":[45,45],"capInsets":[0,0,0,0]}],[0],0,[0],[0],[0]],[[{"name":"tongue_out","rect":[236,142,45,45],"offset":[0,0],"originalSize":[45,45],"capInsets":[0,0,0,0]}],[0],0,[0],[0],[0]],[[{"name":"disgust","rect":[48,48,45,45],"offset":[0,0],"originalSize":[45,45],"capInsets":[0,0,0,0]}],[0],0,[0],[0],[0]],[[{"name":"sad","rect":[236,95,45,45],"offset":[0,0],"originalSize":[45,45],"capInsets":[0,0,0,0]}],[0],0,[0],[0],[0]],[[{"name":"embarrassed","rect":[189,48,45,45],"offset":[0,0],"originalSize":[45,45],"capInsets":[0,0,0,0]}],[0],0,[0],[0],[0]],[[{"name":"confused","rect":[283,1,45,45],"offset":[0,0],"originalSize":[45,45],"capInsets":[0,0,0,0]}],[0],0,[0],[0],[0]],[[{"name":"thumbs_down","rect":[142,142,45,45],"offset":[0,0],"originalSize":[45,45],"capInsets":[0,0,0,0]}],[0],0,[0],[0],[0]],[[{"name":"devil","rect":[1,48,45,45],"offset":[0,0],"originalSize":[45,45],"capInsets":[0,0,0,0]}],[0],0,[0],[0],[0]],[[{"name":"thumbs_up","rect":[189,142,45,45],"offset":[0,0],"originalSize":[45,45],"capInsets":[0,0,0,0]}],[0],0,[0],[0],[0]],[[[0,"Emoticons_texture.plist",[{},"angel",6,0,"angry",6,1,"annoyed",6,2,"big_smiley",6,3,"broken_heart",6,4,"chuckle",6,5,"confused",6,6,"cool",6,7,"crying",6,8,"currency",6,9,"devil",6,10,"disgust",6,11,"donkey",6,12,"duh",6,13,"embarrassed",6,14,"fish",6,15,"geek",6,16,"heart",6,17,"img_black_club",6,18,"img_black_spade",6,19,"img_red_diamond",6,20,"img_red_heart",6,21,"kiss",6,22,"party",6,23,"phew",6,24,"sad",6,25,"shark",6,26,"skeptic",6,27,"sleepy",6,28,"smile",6,29,"smirk",6,30,"speechless",6,31,"surprised",6,32,"thumbs_down",6,33,"thumbs_up",6,34,"tongue_out",6,35,"wink",6,36]]],0,0,[0,0,0,0,0,0,0,0,0,0,0,0,0,0,0,0,0,0,0,0,0,0,0,0,0,0,0,0,0,0,0,0,0,0,0,0,0],[1,2,3,4,5,6,7,8,9,10,11,12,13,14,15,16,17,18,19,20,21,22,23,24,25,26,27,28,29,30,31,32,33,34,35,36,37],[1,2,3,4,5,6,7,8,9,10,11,12,13,14,15,16,17,18,19,20,21,22,23,24,25,26,27,28,29,30,31,32,33,34,35,36,37]],[[{"name":"speechless","rect":[48,142,45,45],"offset":[0,0],"originalSize":[45,45],"capInsets":[0,0,0,0]}],[0],0,[0],[0],[0]],[[{"name":"party","rect":[142,95,45,45],"offset":[0,0],"originalSize":[45,45],"capInsets":[0,0,0,0]}],[0],0,[0],[0],[0]],[[{"name":"kiss","rect":[95,95,45,45],"offset":[0,0],"originalSize":[45,45],"capInsets":[0,0,0,0]}],[0],0,[0],[0],[0]],[[{"name":"img_black_spade","rect":[424,48,45,45],"offset":[0,0],"originalSize":[45,45],"capInsets":[0,0,0,0]}],[0],0,[0],[0],[0]],[[{"name":"angry","rect":[48,1,45,45],"offset":[0,0],"originalSize":[45,45],"capInsets":[0,0,0,0]}],[0],0,[0],[0],[0]],[[{"name":"fish","rect":[236,48,45,45],"offset":[0,0],"originalSize":[45,45],"capInsets":[0,0,0,0]}],[0],0,[0],[0],[0]],[[{"name":"img_red_diamond","rect":[1,95,45,45],"offset":[0,0],"originalSize":[45,45],"capInsets":[0,0,0,0]}],[0],0,[0],[0],[0]],[[{"name":"chuckle","rect":[236,1,45,45],"offset":[0,0],"originalSize":[45,45],"capInsets":[0,0,0,0]}],[0],0,[0],[0],[0]],[[{"name":"big_smiley","rect":[142,1,45,45],"offset":[0,0],"originalSize":[45,45],"capInsets":[0,0,0,0]}],[0],0,[0],[0],[0]]]]