[1,["a1Is+ojGxEmpbutjxOni6b","800d9O7vdMO69XjvSarTRC","f3tqTUG0FIG687EgKLyIGH","79ud//40dKeZ0Xtegp5gbd","b4wzOG3gdHxYPq7k+TLGe6","18xWXFmWhGsZSaaMPTGc4y","c0UA+emtBMkb5umLMqYMK8"],["_textureSetter","Avatar_1","Neta","avtara_04","avtara_05","avtara_06","guy"],["cc.SpriteFrame",["cc.SpriteAtlas",["_name","_spriteFrames"],2,11]],[[1,0,1,2]],[[[{"name":"avtara_06","rect":[375,0,125,125],"offset":[0,0],"originalSize":[125,125],"capInsets":[0,0,0,0]}],[0],0,[0],[0],[0]],[[{"name":"avtara_04","rect":[125,0,125,125],"offset":[0,0],"originalSize":[125,125],"capInsets":[0,0,0,0]}],[0],0,[0],[0],[0]],[[{"name":"avtara_05","rect":[250,0,125,125],"offset":[0,0],"originalSize":[125,125],"capInsets":[0,0,0,0]}],[0],0,[0],[0],[0]],[[[0,"Johny_avatar.plist",[{},"Avatar_1",6,0,"Neta",6,1,"avtara_04",6,2,"avtara_05",6,3,"avtara_06",6,4,"guy",6,5]]],0,0,[0,0,0,0,0,0],[1,2,3,4,5,6],[1,2,3,4,5,6]],[[{"name":"Neta","rect":[625,0,125,125],"offset":[0,0],"originalSize":[125,125],"capInsets":[0,0,0,0]}],[0],0,[0],[0],[0]]]]