[1,["1dCDcBcbFNUYY+dXxEK8uV"],["_textureSetter"],["cc.SpriteFrame"],0,[[[{"name":"slider_down","rect":[2,0,9,9],"offset":[0,0],"originalSize":[9,9],"capInsets":[0,0,0,0]}],[0],0,[0],[0],[0]],[[{"name":"slider_up","rect":[11,0,9,9],"offset":[0,0],"originalSize":[9,9],"capInsets":[0,0,0,0]}],[0],0,[0],[0],[0]],[[{"name":"minimize_button","rect":[46,0,17,18],"offset":[0,0],"originalSize":[17,18],"capInsets":[0,0,0,0]}],[0],0,[0],[0],[0]],[[{"name":"slider_base","rect":[20,0,13,316],"offset":[0,0],"originalSize":[13,316],"capInsets":[0,0,0,0]}],[0],0,[0],[0],[0]],[[{"name":"white_base","rect":[0,429,349,221],"offset":[0,0],"originalSize":[349,221],"capInsets":[14,29,9,17]}],[0],0,[0],[0],[0]],[[{"name":"slider","rect":[33,0,13,20],"offset":[0,0],"originalSize":[13,20],"capInsets":[0,0,0,0]}],[0],0,[0],[0],[0]]]]