[1,["f7Ybzo6dNHIIWWJt4v25qm","7fNIAcG+JO0azwncZV4Ecz","fb0lNq0VJIGKi8TYGTVuYN","d3ebBHw85GwIMMCurIGo47","24F+BBof9PDbhxvc4+ewYd","96ydpsi1FMf5zQ2ElGBc+d","f6lqSYF0dC3K4v70vAmrDI","84VUJN+KtIZIyroQCIKyOV","22q/mE3ZRB5KKhwNjz84rw","246mPJ+/lES4htEgdBuUea","7bwOvURo1IWb7ch9uBX2y+","aeOHa7VExDVKRAJrAXSP3t","12w01r0RtNpodi214TQgFL","c45J+bQe9H4JduiqR8al8Q","226EJu6I9ETIvbPNdZNOpk","d1KTpez2lGIYqb85UZAaeY","1dBbqOJu1NGKjEKOYdzdfb","e9QufZGrhOoabKqfxgQYbI","914t5BycpN+anZ+KsCULjv"],["_textureSetter","Default-table_button","Join_and_open_table_button","Profile_picture_base","Selected_table_button","cashier_base","filter_button","filter_icon","hide_Fav_default","hide_Fav_selected","setting_button","setting_icon","shadow","star","star_base","table","tick","title","white_base"],["cc.SpriteFrame",["cc.SpriteAtlas",["_name","_spriteFrames"],2,11]],[[1,0,1,2]],[[[{"name":"hide_Fav_default","rect":[50,0,37,37],"offset":[0,0],"originalSize":[37,37],"capInsets":[0,0,0,0]}],[0],0,[0],[0],[0]],[[{"name":"star_base","rect":[14,0,17,17],"offset":[0,0],"originalSize":[17,17],"capInsets":[0,0,0,0]}],[0],0,[0],[0],[0]],[[{"name":"Selected_table_button","rect":[0,147,173,48],"offset":[0,0],"originalSize":[173,48],"capInsets":[0,0,0,0]}],[0],0,[0],[0],[0]],[[{"name":"hide_Fav_selected","rect":[87,0,37,37],"offset":[0,0],"originalSize":[37,37],"capInsets":[0,0,0,0]}],[0],0,[0],[0],[0]],[[{"name":"setting_button","rect":[208,0,42,44],"offset":[0,0],"originalSize":[42,44],"capInsets":[5,8,4,8]}],[0],0,[0],[0],[0]],[[{"name":"Default-table_button","rect":[0,356,339,93],"offset":[0,0],"originalSize":[339,93],"capInsets":[0,0,0,0]}],[0],0,[0],[0],[0]],[[[0,"MLobby.plist",[{},"Default-table_button",6,0,"Join_and_open_table_button",6,1,"Profile_picture_base",6,2,"Selected_table_button",6,3,"cashier_base",6,4,"filter_button",6,5,"filter_icon",6,6,"hide_Fav_default",6,7,"hide_Fav_selected",6,8,"setting_button",6,9,"setting_icon",6,10,"shadow",6,11,"star",6,12,"star_base",6,13,"table",6,14,"tick",6,15,"title",6,16,"white_base",6,17]]],0,0,[0,0,0,0,0,0,0,0,0,0,0,0,0,0,0,0,0,0],[1,2,3,4,5,6,7,8,9,10,11,12,13,14,15,16,17,18],[1,2,3,4,5,6,7,8,9,10,11,12,13,14,15,16,17,18]],[[{"name":"filter_icon","rect":[124,0,42,44],"offset":[0,0],"originalSize":[42,44],"capInsets":[0,0,0,0]}],[0],0,[0],[0],[0]],[[{"name":"white_base","rect":[292,0,50,50],"offset":[0,0],"originalSize":[50,50],"capInsets":[3,4,5,5]}],[0],0,[0],[0],[0]],[[{"name":"cashier_base","rect":[173,147,182,209],"offset":[0,0],"originalSize":[182,209],"capInsets":[0,0,0,0]}],[0],0,[0],[0],[0]],[[{"name":"setting_icon","rect":[166,0,42,44],"offset":[0,0],"originalSize":[42,44],"capInsets":[0,0,0,0]}],[0],0,[0],[0],[0]],[[{"name":"table","rect":[0,50,92,52],"offset":[0,0],"originalSize":[92,52],"capInsets":[0,0,0,0]}],[0],0,[0],[0],[0]],[[{"name":"Profile_picture_base","rect":[92,50,95,97],"offset":[0,0],"originalSize":[95,97],"capInsets":[0,0,0,0]}],[0],0,[0],[0],[0]],[[{"name":"title","rect":[187,50,164,60],"offset":[0,0],"originalSize":[164,60],"capInsets":[0,0,0,0]}],[0],0,[0],[0],[0]],[[{"name":"filter_button","rect":[250,0,42,44],"offset":[0,0],"originalSize":[42,44],"capInsets":[5,4,3,6]}],[0],0,[0],[0],[0]],[[{"name":"Join_and_open_table_button","rect":[342,0,81,26],"offset":[0,0],"originalSize":[81,26],"capInsets":[7,5,4,3]}],[0],0,[0],[0],[0]]]]