[1,["1dCDcBcbFNUYY+dXxEK8uV","c3qlIFWE5KvpQAlwXC0yKN","6bStInbdNGMbYAi05avGGR","a0Vk6PfNVATbrIUqJ7j/NR","d29/jIJpRHqZtqwQ7RPYuI","92kw9IY5BFf4IW2z1pWlwc","2eORWqu+lCb455vhzDHB+5","caulDKzzZLmJ0tiKM8ijTR","c1OYFli8BDGqBk5ocd8ewT","adS2ntWmRAfLK6jxCtKyxX","1aQDbhy7NDWrZKP6o+oVxg","5cGagfW79M8J4cHbWfxnXB","5boWK/bahJ+JQlWQyixPM1","e7dBYPipRDEbwLmxi0e6BX","adyyYLCVhDEJFjyCT5RekT"],["_textureSetter","Shadow_of_select_history_tab","framne","header","info_popup","minimize_button","my-cards_base","my-cards_base_divider","slider","slider_base","slider_down","slider_up","upward_button","watch_button","white_base"],["cc.SpriteFrame",["cc.SpriteAtlas",["_name","_spriteFrames"],2,11]],[[1,0,1,2]],[[[[0,"Common.plist",[{},"Shadow_of_select_history_tab",6,0,"framne",6,1,"header",6,2,"info_popup",6,3,"minimize_button",6,4,"my-cards_base",6,5,"my-cards_base_divider",6,6,"slider",6,7,"slider_base",6,8,"slider_down",6,9,"slider_up",6,10,"upward_button",6,11,"watch_button",6,12,"white_base",6,13]]],0,0,[0,0,0,0,0,0,0,0,0,0,0,0,0,0],[1,2,3,4,5,6,7,8,9,10,11,12,13,14],[1,2,3,4,5,6,7,8,9,10,11,12,13,14]],[[{"name":"my-cards_base","rect":[0,696,489,20],"offset":[0,0],"originalSize":[489,20],"capInsets":[15,0,22,0]}],[0],0,[0],[0],[0]],[[{"name":"upward_button","rect":[0,716,489,29],"offset":[0,0],"originalSize":[489,29],"capInsets":[0,0,0,0]}],[0],0,[0],[0],[0]],[[{"name":"framne","rect":[0,784,495,314],"offset":[0,0],"originalSize":[495,314],"capInsets":[32,37,39,60]}],[0],0,[0],[0],[0]],[[{"name":"header","rect":[0,745,489,39],"offset":[0,0],"originalSize":[489,39],"capInsets":[23,0,18,0]}],[0],0,[0],[0],[0]],[[{"name":"Shadow_of_select_history_tab","rect":[0,650,486,46],"offset":[0,0],"originalSize":[486,46],"capInsets":[0,0,0,0]}],[0],0,[0],[0],[0]],[[{"name":"my-cards_base_divider","rect":[0,0,2,20],"offset":[0,0],"originalSize":[2,20],"capInsets":[0,0,0,0]}],[0],0,[0],[0],[0]],[[{"name":"info_popup","rect":[131,0,325,429],"offset":[0,0],"originalSize":[325,429],"capInsets":[0,0,0,0]}],[0],0,[0],[0],[0]],[[{"name":"watch_button","rect":[63,0,68,33],"offset":[0,0],"originalSize":[68,33],"capInsets":[8,7,8,9]}],[0],0,[0],[0],[0]]]]