[1,["19T7v0d8dNRLz0XAtKVyPC","cdmnzkmElGT6hbSSSPD/Zk","4fkuft5M9PeaAhSN+6ybPo","ab1aGB0FtKbY4rAfJnUPNY","f7FX7WFD5Kcb3GiEoHahOG","2eDXIu9QtH0LRzwaba/HaO","8evo2HevVBya8NiYVXmAnE","90NTIhXbRPS7lfvRRR+mQ8"],["_textureSetter","Pop_Up_base_1","Pop_Up_base_2","cross","framne","info_button","setting_button","video_button"],["cc.SpriteFrame",["cc.SpriteAtlas",["_name","_spriteFrames"],2,11]],[[1,0,1,2]],[[[{"name":"Pop_Up_base_2","rect":[0,303,382,274],"offset":[0,0],"originalSize":[382,274],"capInsets":[16,20,15,20]}],[0],0,[0],[0],[0]],[[{"name":"setting_button","rect":[193,0,81,81],"offset":[0,0],"originalSize":[81,81],"capInsets":[0,0,0,0]}],[0],0,[0],[0],[0]],[[{"name":"video_button","rect":[112,0,81,81],"offset":[0,0],"originalSize":[81,81],"capInsets":[0,0,0,0]}],[0],0,[0],[0],[0]],[[{"name":"cross","rect":[0,0,31,33],"offset":[0,0],"originalSize":[31,33],"capInsets":[0,0,0,0]}],[0],0,[0],[0],[0]],[[[0,"MCommon.plist",[{},"Pop_Up_base_1",6,0,"Pop_Up_base_2",6,1,"cross",6,2,"framne",6,3,"info_button",6,4,"setting_button",6,5,"video_button",6,6]]],0,0,[0,0,0,0,0,0,0],[1,2,3,4,5,6,7],[1,2,3,4,5,6,7]],[[{"name":"framne","rect":[0,577,495,314],"offset":[0,0],"originalSize":[495,314],"capInsets":[0,0,0,0]}],[0],0,[0],[0],[0]]]]