[1,["abQhoAPDpLR6A7odQfEJSi"],["_textureSetter"],["cc.SpriteFrame"],0,[[[{"name":"Buy_base_divider","rect":[129,0,742,4],"offset":[0,0],"originalSize":[742,4],"capInsets":[15,0,20,0]}],[0],0,[0],[0],[0]],[[{"name":"pairing_text","rect":[500,60,474,39],"offset":[0,0],"originalSize":[474,39],"capInsets":[82,11,68,11]}],[0],0,[0],[0],[0]],[[{"name":"extra_time_base","rect":[704,23,120,30],"offset":[0,0],"originalSize":[120,30],"capInsets":[4,3,3,4]}],[0],0,[0],[0],[0]],[[{"name":"Buy_auto_buy_active","rect":[1307,0,23,23],"offset":[0,0],"originalSize":[23,23],"capInsets":[0,0,0,0]}],[0],0,[0],[0],[0]],[[{"name":"upward_icon","rect":[978,0,11,12],"offset":[0,0],"originalSize":[11,12],"capInsets":[0,0,0,0]}],[0],0,[0],[0],[0]],[[{"name":"shadow","rect":[876,108,341,51],"offset":[0,0],"originalSize":[341,51],"capInsets":[0,0,0,0]}],[0],0,[0],[0],[0]],[[{"name":"Buy_confirm_button","rect":[523,171,239,73],"offset":[0,0],"originalSize":[239,73],"capInsets":[7,12,6,7]}],[0],0,[0],[0],[0]],[[{"name":"table_id_base","rect":[1402,60,514,48],"offset":[0,0],"originalSize":[514,48],"capInsets":[5,4,8,3]}],[0],0,[0],[0],[0]]]]