[1,["3emVkFmR5PfJXSXmESC2NG","acOVh0A0BClq0GZqSwZ3V1","2bdQTAHb9HhKmixFfjYLFX","72LtNxXUFI5bbAFpHRdWTz","4bS/F3jP1PZqsmPxZhqQS+","41Qt6DaZhB+JZLNL2zsebr","f3kGrQdxhM8orqr+d/056D","c6UFMtYpBIzZriREvoBE0O","0dllSi6txLV6LQ7cz3sLTI","f9W+D462RB3q3VTkcuYCg+","25eVpmC59PTIM8Zi4f+aIc","44CrqbEkRGWKbRyYSUVTzY","8bbnzMt5dG8YD1+sooLB0d","87xcFHNlpL7YBW81Ht7QPQ","c1tQtWRj1NTbiYCbexdp19","72q1pcONxAY5t2PI0UEmJK","50Mv+EUDJEiaknDl7BJ1aF","4bRsPhuBlIh6h7bESlZSHV","44WntyIuxNwaAqSm3LyzTX","18Gbi+XY1Nl4rosSLikGGW","94PlczogpOtpANwTvAwZri","ecMnn64DpMLa8WOLCIOx71","3e+wwShyFP9ablYCIN8EsP","76qVl0ZaBDwZ97YzuVCu90","4aJ63E/sdJS5YM8wK17S1M","da0cZXPYRARoDuXeMrwvgO","5fjVWsNTxEkYNFyVsHoDFX","19vMKwPSVJcLMNr4NdoG/C","80N1IN6wlBWq4BuZb7vKZo","07qpgn2FtGHIbCLlTgrqTA","cfpZJkshRLk5+ZoAVPPUhU","f9V4BjaIZLyZvbLctb61pw","8fvDlI+/RAQpZbJUa4JX9n","32br6KVzxIIrVqViebkJTi","4cj5Jc5t5IUrZ2O77AQVG9","4beC++/8xOtqAMGAJvNdU+","04jkzpRSlNJ6x+YCeL9JzN"],["_textureSetter","Default_table_button","Join_and_open_table_button","Omaha_default_button","Omaha_selected_button","Omaha_selected_center_button","On_table_player_base","On_table_player_data_base","Players_count_icon","Profile_picture_base","Selected_table_button","Table_Head","cashier_base","drop_down","drop_down_bUTTON","fav_icon","header_button","header_selected","hide_Fav_default","hide_Fav_selected","level","locked_bonus","loyality_bonnus_icon","play_money_icon","profile_base_1","profile_base_2","profile_data-_base","real_money_icon","real_play_money_default","real_play_money_slected","star","star_base","table_base","table_strip_1","table_strip_2","tick","waiting_and_average_player_base"],["cc.SpriteFrame",["cc.SpriteAtlas",["_name","_spriteFrames"],2,11]],[[1,0,1,2]],[[[{"name":"waiting_and_average_player_base","rect":[0,150,1142,60],"offset":[0,0],"originalSize":[1142,60],"capInsets":[88,7,46,6]}],[0],0,[0],[0],[0]],[[{"name":"real_play_money_slected","rect":[1324,150,182,71],"offset":[0,0],"originalSize":[182,71],"capInsets":[8,10,9,12]}],[0],0,[0],[0],[0]],[[{"name":"Players_count_icon","rect":[441,0,55,40],"offset":[0,0],"originalSize":[55,40],"capInsets":[0,0,0,0]}],[0],0,[0],[0],[0]],[[{"name":"hide_Fav_selected","rect":[496,0,42,42],"offset":[0,0],"originalSize":[42,42],"capInsets":[0,0,0,0]}],[0],0,[0],[0],[0]],[[{"name":"real_money_icon","rect":[0,0,29,21],"offset":[0,0],"originalSize":[29,21],"capInsets":[0,0,0,0]}],[0],0,[0],[0],[0]],[[{"name":"Selected_table_button","rect":[0,328,355,105],"offset":[0,0],"originalSize":[355,105],"capInsets":[4,5,6,6]}],[0],0,[0],[0],[0]],[[{"name":"Join_and_open_table_button","rect":[1142,92,166,58],"offset":[0,0],"originalSize":[166,58],"capInsets":[5,5,7,3]}],[0],0,[0],[0],[0]],[[{"name":"table_strip_1","rect":[622,0,1119,46],"offset":[0,0],"originalSize":[1119,46],"capInsets":[35,6,25,5]}],[0],0,[0],[0],[0]],[[{"name":"loyality_bonnus_icon","rect":[53,0,30,30],"offset":[0,0],"originalSize":[30,30],"capInsets":[0,0,0,0]}],[0],0,[0],[0],[0]],[[{"name":"Omaha_selected_center_button","rect":[1044,224,385,82],"offset":[0,0],"originalSize":[385,82],"capInsets":[0,0,0,0]}],[0],0,[0],[0],[0]],[[{"name":"Table_Head","rect":[0,92,1142,47],"offset":[0,0],"originalSize":[1142,47],"capInsets":[0,0,0,0]}],[0],0,[0],[0],[0]],[[{"name":"hide_Fav_default","rect":[580,0,42,42],"offset":[0,0],"originalSize":[42,42],"capInsets":[9,12,7,9]}],[0],0,[0],[0],[0]],[[[0,"Lobby.plist",[{},"Default_table_button",6,0,"Join_and_open_table_button",6,1,"Omaha_default_button",6,2,"Omaha_selected_button",6,3,"Omaha_selected_center_button",6,4,"On_table_player_base",6,5,"On_table_player_data_base",6,6,"Players_count_icon",6,7,"Profile_picture_base",6,8,"Selected_table_button",6,9,"Table_Head",6,10,"cashier_base",6,11,"drop_down",6,12,"drop_down_bUTTON",6,13,"fav_icon",6,14,"header_button",6,15,"header_selected",6,16,"hide_Fav_default",6,17,"hide_Fav_selected",6,18,"level",6,19,"locked_bonus",6,20,"loyality_bonnus_icon",6,21,"play_money_icon",6,22,"profile_base_1",6,23,"profile_base_2",6,24,"profile_data-_base",6,25,"real_money_icon",6,26,"real_play_money_default",6,27,"real_play_money_slected",6,28,"star",6,29,"star_base",6,30,"table_base",6,31,"table_strip_1",6,32,"table_strip_2",6,33,"tick",6,34,"waiting_and_average_player_base",6,35]]],0,0,[0,0,0,0,0,0,0,0,0,0,0,0,0,0,0,0,0,0,0,0,0,0,0,0,0,0,0,0,0,0,0,0,0,0,0,0],[1,2,3,4,5,6,7,8,9,10,11,12,13,14,15,16,17,18,19,20,21,22,23,24,25,26,27,28,29,30,31,32,33,34,35,36],[1,2,3,4,5,6,7,8,9,10,11,12,13,14,15,16,17,18,19,20,21,22,23,24,25,26,27,28,29,30,31,32,33,34,35,36]],[[{"name":"header_selected","rect":[1506,150,273,74],"offset":[0,0],"originalSize":[273,74],"capInsets":[0,0,0,0]}],[0],0,[0],[0],[0]],[[{"name":"Omaha_selected_button","rect":[659,224,385,82],"offset":[0,0],"originalSize":[385,82],"capInsets":[28,23,21,22]}],[0],0,[0],[0],[0]],[[{"name":"tick","rect":[538,0,42,42],"offset":[0,0],"originalSize":[42,42],"capInsets":[0,0,0,0]}],[0],0,[0],[0],[0]],[[{"name":"table_strip_2","rect":[0,46,1119,46],"offset":[0,0],"originalSize":[1119,46],"capInsets":[0,0,0,0]}],[0],0,[0],[0],[0]],[[{"name":"header_button","rect":[0,224,274,74],"offset":[0,0],"originalSize":[274,74],"capInsets":[0,0,0,0]}],[0],0,[0],[0],[0]],[[{"name":"profile_data-_base","rect":[713,328,360,227],"offset":[0,0],"originalSize":[360,227],"capInsets":[0,0,0,0]}],[0],0,[0],[0],[0]],[[{"name":"Omaha_default_button","rect":[274,224,385,82],"offset":[0,0],"originalSize":[385,82],"capInsets":[47,0,24,0]}],[0],0,[0],[0],[0]],[[{"name":"fav_icon","rect":[29,0,24,23],"offset":[0,0],"originalSize":[24,23],"capInsets":[0,0,0,0]}],[0],0,[0],[0],[0]],[[{"name":"play_money_icon","rect":[83,0,30,30],"offset":[0,0],"originalSize":[30,30],"capInsets":[0,0,0,0]}],[0],0,[0],[0],[0]],[[{"name":"real_play_money_default","rect":[1142,150,182,71],"offset":[0,0],"originalSize":[182,71],"capInsets":[14,14,15,5]}],[0],0,[0],[0],[0]],[[{"name":"drop_down","rect":[276,0,165,37],"offset":[0,0],"originalSize":[165,37],"capInsets":[20,13,27,12]}],[0],0,[0],[0],[0]],[[{"name":"cashier_base","rect":[1439,328,364,418],"offset":[0,0],"originalSize":[364,418],"capInsets":[16,18,13,13]}],[0],0,[0],[0],[0]],[[{"name":"table_base","rect":[740,746,1144,745],"offset":[0,0],"originalSize":[1144,745],"capInsets":[36,48,24,57]}],[0],0,[0],[0],[0]],[[{"name":"level","rect":[143,0,30,30],"offset":[0,0],"originalSize":[30,30],"capInsets":[0,0,0,0]}],[0],0,[0],[0],[0]],[[{"name":"Default_table_button","rect":[1524,224,350,104],"offset":[0,0],"originalSize":[350,104],"capInsets":[0,0,0,0]}],[0],0,[0],[0],[0]],[[{"name":"drop_down_bUTTON","rect":[173,0,35,33],"offset":[0,0],"originalSize":[35,33],"capInsets":[0,0,0,0]}],[0],0,[0],[0],[0]],[[{"name":"On_table_player_data_base","rect":[0,746,374,501],"offset":[0,0],"originalSize":[374,501],"capInsets":[10,8,8,8]}],[0],0,[0],[0],[0]],[[{"name":"star","rect":[242,0,34,33],"offset":[0,0],"originalSize":[34,33],"capInsets":[0,0,0,0]}],[0],0,[0],[0],[0]],[[{"name":"profile_base_2","rect":[1073,328,366,388],"offset":[0,0],"originalSize":[366,388],"capInsets":[8,9,10,20]}],[0],0,[0],[0],[0]],[[{"name":"locked_bonus","rect":[113,0,30,30],"offset":[0,0],"originalSize":[30,30],"capInsets":[0,0,0,0]}],[0],0,[0],[0],[0]],[[{"name":"On_table_player_base","rect":[374,746,366,580],"offset":[0,0],"originalSize":[366,580],"capInsets":[0,0,0,0]}],[0],0,[0],[0],[0]],[[{"name":"star_base","rect":[208,0,34,33],"offset":[0,0],"originalSize":[34,33],"capInsets":[0,0,0,0]}],[0],0,[0],[0],[0]],[[{"name":"Profile_picture_base","rect":[1429,224,95,103],"offset":[0,0],"originalSize":[95,103],"capInsets":[0,0,0,0]}],[0],0,[0],[0],[0]]]]