[1,["968A1RpcVIKqjtg/dAsZlo","9eayhjdOtGxrc6vQLaby26","5f/xBBy6hAAJh27sv8G93L","88QZZi0vRCY4uhAA55ocAe","b2B3KwW4dG8bS2In09Ue4C","27HksohhxEiq62eqh069UF","92RW9iP/hAn4UGdxGu7okM","49uKeSAfhI9IibY6CKRCvK","1dE0ZuG71ApbwzcN1VUtHl","bfeG0Rtm1Ho4Jw9jRrvyQK","76pVide3JOdZHjHfJfZjCb","b1f0tUS0pGKpPTqz8LFkkh","93znAwn5hMlbkWSvceW6OB","40XrfUWXtHQIXUpAh0U/4i","ddfhYLxnFOXKSWtQuAyBlM","a9nmTJ0uZK7I4rI8qpZT6H","5fjnOFWxtBhrrI473G8LCE","60rCp73+tLnZn3yGoF/tNg","7dAZJFy6BK4q9HA8YD8BWQ","44VqQuJ9hMWbDHpElfyAyn","b6B02DdO9B5K9WPEiDlbOQ","c6J1yVzT1LDrwkz7AywypY","e2qkBhNjFP9KuCLgpUh8jx","ffnieLX8hHJ5s/JR5eFAgb","2cUoScVhJHMpHhB+OlKK/c","c65tWELZJBLI50doixLZJI","54T/kp3EREeJp3fPJS3mpN","aawswRJ6ZMTpmjjncQ+ZYc","4eO6VnKFNEdo7uqN9sbNQu","bco5L4VdlJIapTTL+SCBl4","27DG2ocrlI2bg4VxvFqQ3B","99ZCGDXd5BFo+tUpbH9OGD","6cAq8WTbNFXJYHszXPW39p"],["_textureSetter","Arrow","Chat_box2","Leave_icon","Right_button","Run_it_twice_base","Setting_icon","add_chips_icon","amount_base","buy_base_divider","buy_cancel_button","buy_confirm_button","buy_filler","buy_filler_base","buy_maximize_button","buy_minimize_button","buy_slider","chat_box_activated","chat_box_in_activated","check_box","checker_box","checker_box_selected","fold_raise_button","green_table","leftt_button","lobby_icon","marker","max_min_button","pairing_text","pot","slider","slider_base","tick_2"],["cc.SpriteFrame",["cc.SpriteAtlas",["_name","_spriteFrames"],2,11]],[[1,0,1,2]],[[[{"name":"amount_base","rect":[628,0,76,19],"offset":[0,0],"originalSize":[76,19],"capInsets":[0,0,0,0]}],[0],0,[0],[0],[0]],[[{"name":"slider","rect":[419,0,148,7],"offset":[0,0],"originalSize":[148,7],"capInsets":[10,2,14,1]}],[0],0,[0],[0],[0]],[[{"name":"Run_it_twice_base","rect":[0,132,284,242],"offset":[0,0],"originalSize":[284,242],"capInsets":[0,0,0,0]}],[0],0,[0],[0],[0]],[[{"name":"leftt_button","rect":[703,46,74,69],"offset":[0,0],"originalSize":[74,69],"capInsets":[0,0,0,0]}],[0],0,[0],[0],[0]],[[[0,"MGameplay.plist",[{},"Arrow",6,0,"Chat_box2",6,1,"Leave_icon",6,2,"Right_button",6,3,"Run_it_twice_base",6,4,"Setting_icon",6,5,"add_chips_icon",6,6,"amount_base",6,7,"buy_base_divider",6,8,"buy_cancel_button",6,9,"buy_confirm_button",6,10,"buy_filler",6,11,"buy_filler_base",6,12,"buy_maximize_button",6,13,"buy_minimize_button",6,14,"buy_slider",6,15,"chat_box_activated",6,16,"chat_box_in_activated",6,17,"check_box",6,18,"checker_box",6,19,"checker_box_selected",6,20,"fold_raise_button",6,21,"green_table",6,22,"leftt_button",6,23,"lobby_icon",6,24,"marker",6,25,"max_min_button",6,26,"pairing_text",6,27,"pot",6,28,"slider",6,29,"slider_base",6,30,"tick_2",6,31]]],0,0,[0,0,0,0,0,0,0,0,0,0,0,0,0,0,0,0,0,0,0,0,0,0,0,0,0,0,0,0,0,0,0,0],[1,2,3,4,5,6,7,8,9,10,11,12,13,14,15,16,17,18,19,20,21,22,23,24,25,26,27,28,29,30,31,32],[1,2,3,4,5,6,7,8,9,10,11,12,13,14,15,16,17,18,19,20,21,22,23,24,25,26,27,28,29,30,31,32]],[[{"name":"buy_filler_base","rect":[393,0,26,6],"offset":[0,0],"originalSize":[26,6],"capInsets":[0,0,0,0]}],[0],0,[0],[0],[0]],[[{"name":"check_box","rect":[265,20,92,24],"offset":[0,0],"originalSize":[92,24],"capInsets":[0,0,0,0]}],[0],0,[0],[0],[0]],[[{"name":"pairing_text","rect":[0,20,237,20],"offset":[0,0],"originalSize":[237,20],"capInsets":[0,0,0,0]}],[0],0,[0],[0],[0]],[[{"name":"marker","rect":[616,0,12,19],"offset":[0,0],"originalSize":[12,19],"capInsets":[0,0,0,0]}],[0],0,[0],[0],[0]],[[{"name":"buy_slider","rect":[860,20,23,26],"offset":[0,0],"originalSize":[23,26],"capInsets":[0,0,0,0]}],[0],0,[0],[0],[0]],[[{"name":"Chat_box2","rect":[777,46,60,86],"offset":[0,0],"originalSize":[60,86],"capInsets":[12,19,13,15]}],[0],0,[0],[0],[0]],[[{"name":"chat_box_activated","rect":[730,20,65,25],"offset":[0,0],"originalSize":[65,25],"capInsets":[0,0,0,0]}],[0],0,[0],[0],[0]],[[{"name":"buy_cancel_button","rect":[311,46,120,37],"offset":[0,0],"originalSize":[120,37],"capInsets":[0,0,0,0]}],[0],0,[0],[0],[0]],[[{"name":"chat_box_in_activated","rect":[795,20,65,26],"offset":[0,0],"originalSize":[65,26],"capInsets":[0,0,0,0]}],[0],0,[0],[0],[0]],[[{"name":"Leave_icon","rect":[431,46,43,39],"offset":[0,0],"originalSize":[43,39],"capInsets":[0,0,0,0]}],[0],0,[0],[0],[0]],[[{"name":"buy_filler","rect":[371,0,22,6],"offset":[0,0],"originalSize":[22,6],"capInsets":[0,0,0,0]}],[0],0,[0],[0],[0]],[[{"name":"slider_base","rect":[357,20,301,25],"offset":[0,0],"originalSize":[301,25],"capInsets":[0,0,0,0]}],[0],0,[0],[0],[0]],[[{"name":"Arrow","rect":[0,46,23,28],"offset":[0,0],"originalSize":[23,28],"capInsets":[0,0,0,0]}],[0],0,[0],[0],[0]],[[{"name":"buy_minimize_button","rect":[704,0,20,20],"offset":[0,0],"originalSize":[20,20],"capInsets":[0,0,0,0]}],[0],0,[0],[0],[0]],[[{"name":"max_min_button","rect":[658,20,72,25],"offset":[0,0],"originalSize":[72,25],"capInsets":[0,0,0,0]}],[0],0,[0],[0],[0]],[[{"name":"buy_confirm_button","rect":[191,46,120,37],"offset":[0,0],"originalSize":[120,37],"capInsets":[0,0,0,0]}],[0],0,[0],[0],[0]],[[{"name":"Right_button","rect":[629,46,74,69],"offset":[0,0],"originalSize":[74,69],"capInsets":[0,0,0,0]}],[0],0,[0],[0],[0]],[[{"name":"checker_box","rect":[23,46,35,35],"offset":[0,0],"originalSize":[35,35],"capInsets":[0,0,0,0]}],[0],0,[0],[0],[0]],[[{"name":"pot","rect":[567,0,49,19],"offset":[0,0],"originalSize":[49,19],"capInsets":[0,0,0,0]}],[0],0,[0],[0],[0]],[[{"name":"buy_base_divider","rect":[0,0,371,2],"offset":[0,0],"originalSize":[371,2],"capInsets":[0,0,0,0]}],[0],0,[0],[0],[0]],[[{"name":"checker_box_selected","rect":[58,46,36,36],"offset":[0,0],"originalSize":[36,36],"capInsets":[0,0,0,0]}],[0],0,[0],[0],[0]],[[{"name":"lobby_icon","rect":[474,46,45,43],"offset":[0,0],"originalSize":[45,43],"capInsets":[0,0,0,0]}],[0],0,[0],[0],[0]],[[{"name":"buy_maximize_button","rect":[724,0,20,20],"offset":[0,0],"originalSize":[20,20],"capInsets":[0,0,0,0]}],[0],0,[0],[0],[0]],[[{"name":"fold_raise_button","rect":[94,46,97,37],"offset":[0,0],"originalSize":[97,37],"capInsets":[7,6,9,6]}],[0],0,[0],[0],[0]],[[{"name":"green_table","rect":[284,132,611,342],"offset":[0,0],"originalSize":[611,342],"capInsets":[0,0,0,0]}],[0],0,[0],[0],[0]]]]