[1,["abQhoAPDpLR6A7odQfEJSi","a5JsTf795BwJYFSEJf9lu1","8fzY9d9eJEI4ZL3Nmjiibl","0bLg89/HVIFZzi1kSBZmNk","09cYGWMc5AEo2lIiByWwS9","0ezO6Yef1FCq7RLl2RWR3L","f630giI7pPCISKPi8HrxVd","65nBZ3xElH96/T9Co8Jn4X","2cg3lGLaVNAbawWlGIMrY9","72Ptz9WehJj6CLxlZ/kiBv","3ffvmmdC9AoZzW9vt+cT2+","c7S4QVLeVAzoIUmdYcig2b","fc1CbyGQBNZbgzBsOYXGM3","34oWoxCQpB0bl4+Rag87Rf","e2Pyxq2OBMpoJK7/wj1vNI","a2G2xVcJ9J3YVPLNAQzeiU","e2eOQQoWlOz4jarjWlmOlv","e3STYig/hBEYsNsJ5jEU/H","0bFOHPEA1BD4FsyRiseqtl","b0lOrfsjFL6pS2dKuFi/h5","7bbGBxbSFP4IFsbiCjQJuo","2bM8O9hDVBcp20nuK3iQwI","22EQpf2t5GY6gY4BZcSnlq","24qFppipVPZoU0/6mhPVZi","d0YOX/GOdKZrCrG82Kzh7r","a5eFlDUMpHrZ/1EbrZrkqO","77JGqja9RL+6LNkXvpieij","26SyRN1yNPSI86YAEojk09","42hiCvMIBKFYGiWqGyUdS8","5aBDXuJvJA+Ju1vMVenhOj","ddwge2LrlOhr9YfizeW0fi","55LKTJNaVC6p/TwEsmbpEj","19UqQLH21MH7zuAgDerJGX","80DJjNCllF0qpTNAh6JtBw","b2QgfVNGNAn7kcFQQ1aDRx","ecS1qQMKVE9LN5UsrbL6kw","b4/3/wMGhCQrY/Ow6b/hVP","7eKd64dxNF4oM4EpR9fEhJ","25Uni4QxVKRb2eUOT/1XGA","2bhB+Gvu1OUI2CWj4tWYa/","fcOGK0iBVGsYyVyMHXeX6L","4bdqul3GFPZpxwoMzdnbuf","a4TdsUlAdAGqVfOBeoeC6g","0dj85MjP9Ic7S1/qge3BEh","dcpZ1if95B6YtvesPOgxOD","07lkd2ohRF8ZnTYPw/V8VU","cdHcvzRipGFapGGWC5JMFv","d3Lf52KAxK7qgB+dUgxIcP","d7Pdr6Go1JLI8GtFpkOGde","b9ixEKlsJEJrbS6Oc47Ciw","60Ykj0L/RCyZ6BAsp1uvQ9","13koOWd6xMYaQzLL3N10+o","0eopDbvhxNDrD5pPJQgpUR","95SzTIUWxO8pOW52RHm2Ch","7eOhnjy6FMFbrj1PpnDoo0","69nKg/nftGE5eP6akjY0Hh","0bhre6LmJFXKesX6oqyOSL","b9jcfmdUVIt5odxX0HXoq4","429MQB1BdCWKNXOXc8Q/fm","bfsZYAqZ9DXbcdqkofA7OG","f6Jpq4q6xCPYeYYvL0ebVC","e6vAq4rrRIAoR5fTdeWL8h","4a2ZZQY3xAeIUc3SQxjcbX","13SMJLDGdCGJvQ8qH35JZW","f9tRLUMw5M0bagsVrCzVCh","5cuQV34G5CErlSXB0YIozu","5bVViOpbxMtpTDnuTXZBSy","e1WCKE8sVMuJ2Mi8XrWa5f","50lKIHp8VAoYDJ0ZdhoB67","d39XhmwtNPU6jWQQGlg3T5","4fU2EmH7BJ9JnesosdF45S"],["_textureSetter","Buy_amount_base","Buy_auto_buy_active","Buy_auto_buy_inactive","Buy_base_divider","Buy_cancel_button","Buy_confirm_button","Buy_filler","Buy_filler_base","Buy_maximize_button","Buy_minimize_button","Buy_slider","Chat_box","Current_table","Player_info_left","Player_info_right","Players_pot","Pot","Run_it_box_active","Run_it_box_inactive","Tile_Chat_box_Button_activate","Tile_Chat_box_button","Tile_add_chips","Tile_chat","Tile_dealer","Tile_leave","Tile_lobby","Tile_note","Typing_base","amount_base","chat","chat_box_activated","chat_box_in_activated","check_box","dealer","downward_icon","drop_down_base","drop_down_slider","empty_seat_icon","extra_time_base","fold_raise_button","header","info_button","leave_button","lobby_button","lobby_leave_button","marker","max_min_button","maximum_amount_button","minimum_amount_button","my_card_community_base","my_card_community_division_line","note","note_frame","note_tab","opening_chat_box","pairing_text","player_division_line","send_button","setting_button","shadow","sit_here_icon","slider","slider_base","table_id_base","table_info_base","table_info_base_selected","tick","timer_selector","upward_icon","video_button"],["cc.SpriteFrame",["cc.SpriteAtlas",["_name","_spriteFrames"],2,11]],[[1,0,1,2]],[[[{"name":"lobby_leave_button","rect":[412,251,81,81],"offset":[0,0],"originalSize":[81,81],"capInsets":[0,0,0,0]}],[0],0,[0],[0],[0]],[[{"name":"Run_it_box_active","rect":[72,60,37,37],"offset":[0,0],"originalSize":[37,37],"capInsets":[0,0,0,0]}],[0],0,[0],[0],[0]],[[{"name":"Buy_auto_buy_inactive","rect":[1330,0,23,23],"offset":[0,0],"originalSize":[23,23],"capInsets":[0,0,0,0]}],[0],0,[0],[0],[0]],[[{"name":"leave_button","rect":[0,171,173,63],"offset":[0,0],"originalSize":[173,63],"capInsets":[0,0,0,0]}],[0],0,[0],[0],[0]],[[{"name":"note","rect":[0,447,249,121],"offset":[0,0],"originalSize":[249,121],"capInsets":[8,6,4,10]}],[0],0,[0],[0],[0]],[[{"name":"Buy_cancel_button","rect":[762,171,239,73],"offset":[0,0],"originalSize":[239,73],"capInsets":[10,5,5,6]}],[0],0,[0],[0],[0]],[[{"name":"slider_base","rect":[144,108,602,49],"offset":[0,0],"originalSize":[602,49],"capInsets":[11,4,3,3]}],[0],0,[0],[0],[0]],[[{"name":"my_card_community_division_line","rect":[1353,0,2,23],"offset":[0,0],"originalSize":[2,23],"capInsets":[0,0,0,0]}],[0],0,[0],[0],[0]],[[{"name":"chat_box_in_activated","rect":[1263,108,129,52],"offset":[0,0],"originalSize":[129,52],"capInsets":[0,0,0,0]}],[0],0,[0],[0],[0]],[[{"name":"Tile_add_chips","rect":[1054,60,41,41],"offset":[0,0],"originalSize":[41,41],"capInsets":[0,0,0,0]}],[0],0,[0],[0],[0]],[[{"name":"Tile_chat","rect":[1696,23,33,33],"offset":[0,0],"originalSize":[33,33],"capInsets":[0,0,0,0]}],[0],0,[0],[0],[0]],[[{"name":"empty_seat_icon","rect":[1665,108,53,59],"offset":[0,0],"originalSize":[53,59],"capInsets":[0,0,0,0]}],[0],0,[0],[0],[0]],[[{"name":"Tile_note","rect":[1630,23,33,33],"offset":[0,0],"originalSize":[33,33],"capInsets":[0,0,0,0]}],[0],0,[0],[0],[0]],[[{"name":"Tile_Chat_box_button","rect":[1663,23,33,33],"offset":[0,0],"originalSize":[33,33],"capInsets":[4,8,5,6]}],[0],0,[0],[0],[0]],[[{"name":"Buy_filler_base","rect":[871,0,52,11],"offset":[0,0],"originalSize":[52,11],"capInsets":[6,2,3,2]}],[0],0,[0],[0],[0]],[[{"name":"Current_table","rect":[1194,171,182,75],"offset":[0,0],"originalSize":[182,75],"capInsets":[0,0,0,0]}],[0],0,[0],[0],[0]],[[{"name":"Buy_minimize_button","rect":[1014,60,40,40],"offset":[0,0],"originalSize":[40,40],"capInsets":[0,0,0,0]}],[0],0,[0],[0],[0]],[[{"name":"Typing_base","rect":[890,23,740,33],"offset":[0,0],"originalSize":[740,33],"capInsets":[0,0,0,0]}],[0],0,[0],[0],[0]],[[{"name":"send_button","rect":[1797,23,85,36],"offset":[0,0],"originalSize":[85,36],"capInsets":[0,0,0,0]}],[0],0,[0],[0],[0]],[[{"name":"slider","rect":[989,0,295,14],"offset":[0,0],"originalSize":[295,14],"capInsets":[0,0,0,0]}],[0],0,[0],[0],[0]],[[{"name":"header","rect":[0,344,1920,103],"offset":[0,0],"originalSize":[1920,103],"capInsets":[0,0,0,0]}],[0],0,[0],[0],[0]],[[{"name":"video_button","rect":[250,251,81,81],"offset":[0,0],"originalSize":[81,81],"capInsets":[0,0,0,0]}],[0],0,[0],[0],[0]],[[{"name":"timer_selector","rect":[1626,171,79,80],"offset":[0,0],"originalSize":[79,80],"capInsets":[0,0,0,0]}],[0],0,[0],[0],[0]],[[{"name":"chat_box_activated","rect":[746,108,130,50],"offset":[0,0],"originalSize":[130,50],"capInsets":[6,6,10,7]}],[0],0,[0],[0],[0]],[[[0,"Gameplay.plist",[{},"Buy_amount_base",6,0,"Buy_auto_buy_active",6,1,"Buy_auto_buy_inactive",6,2,"Buy_base_divider",6,3,"Buy_cancel_button",6,4,"Buy_confirm_button",6,5,"Buy_filler",6,6,"Buy_filler_base",6,7,"Buy_maximize_button",6,8,"Buy_minimize_button",6,9,"Buy_slider",6,10,"Chat_box",6,11,"Current_table",6,12,"Player_info_left",6,13,"Player_info_right",6,14,"Players_pot",6,15,"Pot",6,16,"Run_it_box_active",6,17,"Run_it_box_inactive",6,18,"Tile_Chat_box_Button_activate",6,19,"Tile_Chat_box_button",6,20,"Tile_add_chips",6,21,"Tile_chat",6,22,"Tile_dealer",6,23,"Tile_leave",6,24,"Tile_lobby",6,25,"Tile_note",6,26,"Typing_base",6,27,"amount_base",6,28,"chat",6,29,"chat_box_activated",6,30,"chat_box_in_activated",6,31,"check_box",6,32,"dealer",6,33,"downward_icon",6,34,"drop_down_base",6,35,"drop_down_slider",6,36,"empty_seat_icon",6,37,"extra_time_base",6,38,"fold_raise_button",6,39,"header",6,40,"info_button",6,41,"leave_button",6,42,"lobby_button",6,43,"lobby_leave_button",6,44,"marker",6,45,"max_min_button",6,46,"maximum_amount_button",6,47,"minimum_amount_button",6,48,"my_card_community_base",6,49,"my_card_community_division_line",6,50,"note",6,51,"note_frame",6,52,"note_tab",6,53,"opening_chat_box",6,54,"pairing_text",6,55,"player_division_line",6,56,"send_button",6,57,"setting_button",6,58,"shadow",6,59,"sit_here_icon",6,60,"slider",6,61,"slider_base",6,62,"table_id_base",6,63,"table_info_base",6,64,"table_info_base_selected",6,65,"tick",6,66,"timer_selector",6,67,"upward_icon",6,68,"video_button",6,69]]],0,0,[0,0,0,0,0,0,0,0,0,0,0,0,0,0,0,0,0,0,0,0,0,0,0,0,0,0,0,0,0,0,0,0,0,0,0,0,0,0,0,0,0,0,0,0,0,0,0,0,0,0,0,0,0,0,0,0,0,0,0,0,0,0,0,0,0,0,0,0,0,0],[1,2,3,4,5,6,7,8,9,10,11,12,13,14,15,16,17,18,19,20,21,22,23,24,25,26,27,28,29,30,31,32,33,34,35,36,37,38,39,40,41,42,43,44,45,46,47,48,49,50,51,52,53,54,55,56,57,58,59,60,61,62,63,64,65,66,67,68,69,70],[1,2,3,4,5,6,7,8,9,10,11,12,13,14,15,16,17,18,19,20,21,22,23,24,25,26,27,28,29,30,31,32,33,34,35,36,37,38,39,40,41,42,43,44,45,46,47,48,49,50,51,52,53,54,55,56,57,58,59,60,61,62,63,64,65,66,67,68,69,70]],[[{"name":"amount_base","rect":[348,60,152,38],"offset":[0,0],"originalSize":[152,38],"capInsets":[9,4,7,6]}],[0],0,[0],[0],[0]],[[{"name":"table_info_base_selected","rect":[344,171,179,71],"offset":[0,0],"originalSize":[179,71],"capInsets":[0,0,0,0]}],[0],0,[0],[0],[0]],[[{"name":"table_info_base","rect":[173,171,171,68],"offset":[0,0],"originalSize":[171,68],"capInsets":[0,0,0,0]}],[0],0,[0],[0],[0]],[[{"name":"my_card_community_base","rect":[0,23,682,24],"offset":[0,0],"originalSize":[682,24],"capInsets":[0,0,0,0]}],[0],0,[0],[0],[0]],[[{"name":"Buy_filler","rect":[923,0,44,11],"offset":[0,0],"originalSize":[44,11],"capInsets":[5,3,4,2]}],[0],0,[0],[0],[0]],[[{"name":"opening_chat_box","rect":[1284,0,23,19],"offset":[0,0],"originalSize":[23,19],"capInsets":[0,0,0,0]}],[0],0,[0],[0],[0]],[[{"name":"Buy_maximize_button","rect":[974,60,40,40],"offset":[0,0],"originalSize":[40,40],"capInsets":[0,0,0,0]}],[0],0,[0],[0],[0]],[[{"name":"Tile_lobby","rect":[1095,60,41,41],"offset":[0,0],"originalSize":[41,41],"capInsets":[0,0,0,0]}],[0],0,[0],[0],[0]],[[{"name":"Tile_Chat_box_Button_activate","rect":[824,23,33,33],"offset":[0,0],"originalSize":[33,33],"capInsets":[4,5,4,6]}],[0],0,[0],[0],[0]],[[{"name":"drop_down_slider","rect":[682,23,22,26],"offset":[0,0],"originalSize":[22,26],"capInsets":[0,0,0,0]}],[0],0,[0],[0],[0]],[[{"name":"note_tab","rect":[0,60,35,37],"offset":[0,0],"originalSize":[35,37],"capInsets":[4,0,0,8]}],[0],0,[0],[0],[0]],[[{"name":"check_box","rect":[1218,60,184,47],"offset":[0,0],"originalSize":[184,47],"capInsets":[0,0,0,0]}],[0],0,[0],[0],[0]],[[{"name":"note_frame","rect":[823,251,269,93],"offset":[0,0],"originalSize":[269,93],"capInsets":[0,0,0,0]}],[0],0,[0],[0],[0]],[[{"name":"Player_info_right","rect":[0,251,250,80],"offset":[0,0],"originalSize":[250,80],"capInsets":[0,0,0,0]}],[0],0,[0],[0],[0]],[[{"name":"info_button","rect":[331,251,81,81],"offset":[0,0],"originalSize":[81,81],"capInsets":[0,0,0,0]}],[0],0,[0],[0],[0]],[[{"name":"Buy_amount_base","rect":[1392,108,273,58],"offset":[0,0],"originalSize":[273,58],"capInsets":[23,4,7,7]}],[0],0,[0],[0],[0]],[[{"name":"Tile_leave","rect":[1136,60,41,41],"offset":[0,0],"originalSize":[41,41],"capInsets":[0,0,0,0]}],[0],0,[0],[0],[0]],[[{"name":"Run_it_box_inactive","rect":[35,60,37,37],"offset":[0,0],"originalSize":[37,37],"capInsets":[7,13,7,5]}],[0],0,[0],[0],[0]],[[{"name":"dealer","rect":[1177,60,41,44],"offset":[0,0],"originalSize":[41,44],"capInsets":[0,0,0,0]}],[0],0,[0],[0],[0]],[[{"name":"drop_down_base","rect":[249,447,20,156],"offset":[0,0],"originalSize":[20,156],"capInsets":[0,0,0,0]}],[0],0,[0],[0],[0]],[[{"name":"minimum_amount_button","rect":[1763,23,34,35],"offset":[0,0],"originalSize":[34,35],"capInsets":[0,0,0,0]}],[0],0,[0],[0],[0]],[[{"name":"player_division_line","rect":[0,0,129,2],"offset":[0,0],"originalSize":[129,2],"capInsets":[0,0,0,0]}],[0],0,[0],[0],[0]],[[{"name":"setting_button","rect":[493,251,81,81],"offset":[0,0],"originalSize":[81,81],"capInsets":[0,0,0,0]}],[0],0,[0],[0],[0]],[[{"name":"Buy_slider","rect":[1217,108,46,51],"offset":[0,0],"originalSize":[46,51],"capInsets":[0,0,0,0]}],[0],0,[0],[0],[0]],[[{"name":"marker","rect":[207,60,23,37],"offset":[0,0],"originalSize":[23,37],"capInsets":[0,0,0,0]}],[0],0,[0],[0],[0]],[[{"name":"Tile_dealer","rect":[857,23,33,33],"offset":[0,0],"originalSize":[33,33],"capInsets":[0,0,0,0]}],[0],0,[0],[0],[0]],[[{"name":"max_min_button","rect":[0,108,144,49],"offset":[0,0],"originalSize":[144,49],"capInsets":[5,8,5,7]}],[0],0,[0],[0],[0]],[[{"name":"maximum_amount_button","rect":[1729,23,34,35],"offset":[0,0],"originalSize":[34,35],"capInsets":[0,0,0,0]}],[0],0,[0],[0],[0]],[[{"name":"lobby_button","rect":[1718,108,173,63],"offset":[0,0],"originalSize":[173,63],"capInsets":[0,0,0,0]}],[0],0,[0],[0],[0]],[[{"name":"chat","rect":[574,251,249,89],"offset":[0,0],"originalSize":[249,89],"capInsets":[32,0,25,0]}],[0],0,[0],[0],[0]],[[{"name":"tick","rect":[1882,23,37,37],"offset":[0,0],"originalSize":[37,37],"capInsets":[0,0,0,0]}],[0],0,[0],[0],[0]],[[{"name":"Player_info_left","rect":[1376,171,250,80],"offset":[0,0],"originalSize":[250,80],"capInsets":[0,0,0,0]}],[0],0,[0],[0],[0]],[[{"name":"Players_pot","rect":[281,60,67,38],"offset":[0,0],"originalSize":[67,38],"capInsets":[0,0,0,0]}],[0],0,[0],[0],[0]],[[{"name":"Pot","rect":[109,60,98,37],"offset":[0,0],"originalSize":[98,37],"capInsets":[0,0,0,0]}],[0],0,[0],[0],[0]],[[{"name":"sit_here_icon","rect":[230,60,51,38],"offset":[0,0],"originalSize":[51,38],"capInsets":[0,0,0,0]}],[0],0,[0],[0],[0]],[[{"name":"downward_icon","rect":[967,0,11,12],"offset":[0,0],"originalSize":[11,12],"capInsets":[0,0,0,0]}],[0],0,[0],[0],[0]],[[{"name":"fold_raise_button","rect":[1001,171,193,74],"offset":[0,0],"originalSize":[193,74],"capInsets":[6,5,9,12]}],[0],0,[0],[0],[0]],[[{"name":"Chat_box","rect":[269,447,773,171],"offset":[0,0],"originalSize":[773,171],"capInsets":[0,0,0,0]}],[0],0,[0],[0],[0]]]]