[1,["a2te1CHYFFUJnuNlWteqrb","38zVp4P9RM16qvbgrFgvgk","adMj+jbp1EVLheUuTlLjuy","79abDpY0pJApyYH/lYncet","8eC5mac7dEM6GFWJZCvmmK","ddMKDTXWROsZDEG4ZNDjbx","b8plEFvwNLUYo9twWVOr20","11VU/gxW9EYa39Yrll6TZQ","28rSDWwttOEZeEn6SZ6Cge","f0whx14ndN3ZGd1A7hy4Ir","1f9CWjcDVEgb9BD2JhpXG1","ae3d+q6u5DDYjRQEGX6Fj8","9eswmJ8cFKrpgxbeN34gD3","adyLvzgUVEi4VhDMLofSgs","ebDpyV0NVIK4on9MBS8H1R","83R5D57V5KG52tl9WHQBoQ","39/SkolxFARaHNaqrx4XLL","0crKzXyVxErK7pGIdXWRej"],["_textureSetter","Add_chips","Chat","Check_box","Hands_button","Header_base","Lobby","Right_button","amount_base","back_ground","leave_button","leftt_button","maximize_button","min_max_button","minimize_button","sit_in_sit_all","slider","tick"],["cc.SpriteFrame",["cc.SpriteAtlas",["_name","_spriteFrames"],2,11]],[[1,0,1,2]],[[[{"name":"tick","rect":[41,4,37,37],"offset":[0,0],"originalSize":[37,37],"capInsets":[0,0,0,0]}],[0],0,[0],[0],[0]],[[{"name":"leave_button","rect":[243,4,81,81],"offset":[0,0],"originalSize":[81,81],"capInsets":[0,0,0,0]}],[0],0,[0],[0],[0]],[[{"name":"amount_base","rect":[845,4,152,38],"offset":[0,0],"originalSize":[152,38],"capInsets":[0,0,0,0]}],[0],0,[0],[0],[0]],[[{"name":"Add_chips","rect":[329,4,81,81],"offset":[0,0],"originalSize":[81,81],"capInsets":[0,0,0,0]}],[0],0,[0],[0],[0]],[[{"name":"slider","rect":[4,4,32,55],"offset":[0,0],"originalSize":[32,55],"capInsets":[0,0,0,0]}],[0],0,[0],[0],[0]],[[[0,"MGameplay3.plist",[{},"Add_chips",6,0,"Chat",6,1,"Check_box",6,2,"Hands_button",6,3,"Header_base",6,4,"Lobby",6,5,"Right_button",6,6,"amount_base",6,7,"back_ground",6,8,"leave_button",6,9,"leftt_button",6,10,"maximize_button",6,11,"min_max_button",6,12,"minimize_button",6,13,"sit_in_sit_all",6,14,"slider",6,15,"tick",6,16]]],0,0,[0,0,0,0,0,0,0,0,0,0,0,0,0,0,0,0,0],[1,2,3,4,5,6,7,8,9,10,11,12,13,14,15,16,17],[1,2,3,4,5,6,7,8,9,10,11,12,13,14,15,16,17]],[[{"name":"Check_box","rect":[551,116,393,108],"offset":[0,0],"originalSize":[393,108],"capInsets":[0,0,0,0]}],[0],0,[0],[0],[0]],[[{"name":"sit_in_sit_all","rect":[221,116,325,123],"offset":[0,0],"originalSize":[325,123],"capInsets":[13,0,10,0]}],[0],0,[0],[0],[0]],[[{"name":"Hands_button","rect":[501,4,107,107],"offset":[0,0],"originalSize":[107,107],"capInsets":[0,0,0,0]}],[0],0,[0],[0],[0]],[[{"name":"maximize_button","rect":[83,4,40,40],"offset":[0,0],"originalSize":[40,40],"capInsets":[0,0,0,0]}],[0],0,[0],[0],[0]],[[{"name":"Lobby","rect":[415,4,81,81],"offset":[0,0],"originalSize":[81,81],"capInsets":[0,0,0,0]}],[0],0,[0],[0],[0]],[[{"name":"Header_base","rect":[4,244,960,80],"offset":[0,0],"originalSize":[960,80],"capInsets":[0,0,0,0]}],[0],0,[0],[0],[0]],[[{"name":"minimize_button","rect":[128,4,40,40],"offset":[0,0],"originalSize":[40,40],"capInsets":[0,0,0,0]}],[0],0,[0],[0],[0]],[[{"name":"back_ground","rect":[4,329,960,540],"offset":[0,0],"originalSize":[960,540],"capInsets":[0,0,0,0]}],[0],0,[0],[0],[0]]]]