[1,["bcbMmA1FRN3ayxeJwgO3fe","69GOLfg+xMIK61rWlWCzjS","6asZ2fimRNpKp40X427YTg","4ctaYSESFClpfjwXgszWoc","b2VlE6bKpPa4jo69dUAfbT","6fEzVSQKdFPJTDdleUGPl5","daPFORs21DxZFWwbEZqDs7","082zBgH21LBbx5XjXndpdf","b1judeTFdM85dbaNA8xLkT","daP1VU9EdHLoyDfTbqjcqR","d3gTXr9uBPVoCbsHEp7+uN","12cLL34ChJYYgH4+8Ce4M3","7fUymRRbNC+aoHihBJvGKU","dagcU1XSdKQpInLaxjrlXd","0eZXEvwDBNWZR+JKZpjlIS","46yczcbudPeJpFB9TWlKVx","d2mNUMiiFAUaZT49AJEo8m","5eI/fpNtdLRKxWkcUacxb4","554my7y4dPK6g/0wi6RqoU","07Wr/k+9BK8Llo811nkUTW","99altvj/xAgpPb9wR3XUJf","adATEwLAhJTKysKrNqWuSL","e6Foc9w+5KboGoYp+qmxBv","d8w6e58gpDzKXugKn1ye2Z","0enENty6NOiaFoVbJL6o9D","babL4yJ1hDl7lgGiJEUGS9","f6SdEbySdBHJz892xgdd6N"],["Crown","Header_base","Player_info_left","Player_info_right","Players_pot","chat","circle_base","current_table","dealer","empty_seat_icon","extra_time_base","fold_base","glow","gray_base","gray_circle","note","note_Frame","note_tab","pairing_text","player_division_line","sit_here_icon","stroke","table_info_base","table_info_base_selected","timer_selector","timer_selector_2","winner_text"],["cc.SpriteFrame",["cc.SpriteAtlas",["_name","_spriteFrames"],2,11]],[[1,0,1,2]],[[[{"name":"player_division_line","rect":[4,4,65,1],"offset":[0,0],"originalSize":[65,1],"capInsets":[0,0,0,0]}],[0],0,[],[],[]],[[{"name":"current_table","rect":[165,69,182,75],"offset":[0,0],"originalSize":[182,75],"capInsets":[0,0,0,0]}],[0],0,[],[],[]],[[{"name":"gray_circle","rect":[353,69,77,78],"offset":[0,0],"originalSize":[77,78],"capInsets":[0,0,0,0]}],[0],0,[],[],[]],[[{"name":"timer_selector","rect":[4,240,79,80],"offset":[0,0],"originalSize":[79,80],"capInsets":[0,0,0,0]}],[0],0,[],[],[]],[[{"name":"fold_base","rect":[174,240,204,81],"offset":[0,0],"originalSize":[204,81],"capInsets":[0,0,0,0]}],[0],0,[],[],[]],[[{"name":"note","rect":[534,424,249,121],"offset":[0,0],"originalSize":[249,121],"capInsets":[0,0,0,0]}],[0],0,[],[],[]],[[{"name":"Player_info_right","rect":[280,330,270,88],"offset":[0,0],"originalSize":[270,88],"capInsets":[0,0,0,0]}],[0],0,[],[],[]],[[{"name":"pairing_text","rect":[372,4,474,39],"offset":[0,0],"originalSize":[474,39],"capInsets":[0,0,0,0]}],[0],0,[],[],[]],[[{"name":"note_tab","rect":[201,4,35,37],"offset":[0,0],"originalSize":[35,37],"capInsets":[0,0,0,0]}],[0],0,[],[],[]],[[{"name":"Header_base","rect":[4,154,960,80],"offset":[0,0],"originalSize":[960,80],"capInsets":[30,15,28,19]}],[0],0,[],[],[]],[[{"name":"Player_info_left","rect":[556,330,270,88],"offset":[0,0],"originalSize":[270,88],"capInsets":[0,0,0,0]}],[0],0,[],[],[]],[[{"name":"chat","rect":[4,424,249,89],"offset":[0,0],"originalSize":[249,89],"capInsets":[0,0,0,0]}],[0],0,[],[],[]],[[{"name":"glow","rect":[577,240,187,84],"offset":[0,0],"originalSize":[187,84],"capInsets":[0,0,0,0]}],[0],0,[],[],[]],[[{"name":"sit_here_icon","rect":[315,4,51,38],"offset":[0,0],"originalSize":[51,38],"capInsets":[0,0,0,0]}],[0],0,[],[],[]],[[{"name":"stroke","rect":[384,240,187,84],"offset":[0,0],"originalSize":[187,84],"capInsets":[0,0,0,0]}],[0],0,[],[],[]],[[{"name":"dealer","rect":[852,4,41,44],"offset":[0,0],"originalSize":[41,44],"capInsets":[0,0,0,0]}],[0],0,[],[],[]],[[{"name":"Players_pot","rect":[242,4,67,38],"offset":[0,0],"originalSize":[67,38],"capInsets":[21,0,18,0]}],[0],0,[],[],[]],[[{"name":"timer_selector_2","rect":[89,240,79,80],"offset":[0,0],"originalSize":[79,80],"capInsets":[0,0,0,0]}],[0],0,[],[],[]],[[{"name":"Crown","rect":[4,551,800,600],"offset":[0,0],"originalSize":[800,600],"capInsets":[0,0,0,0]}],[0],0,[],[],[]],[[[0,"MGameplay4.plist",[{},"Crown",6,0,"Header_base",6,1,"Player_info_left",6,2,"Player_info_right",6,3,"Players_pot",6,4,"chat",6,5,"circle_base",6,6,"current_table",6,7,"dealer",6,8,"empty_seat_icon",6,9,"extra_time_base",6,10,"fold_base",6,11,"glow",6,12,"gray_base",6,13,"gray_circle",6,14,"note",6,15,"note_Frame",6,16,"note_tab",6,17,"pairing_text",6,18,"player_division_line",6,19,"sit_here_icon",6,20,"stroke",6,21,"table_info_base",6,22,"table_info_base_selected",6,23,"timer_selector",6,24,"timer_selector_2",6,25,"winner_text",6,26]]],0,0,[0,0,0,0,0,0,0,0,0,0,0,0,0,0,0,0,0,0,0,0,0,0,0,0,0,0,0],[0,1,2,3,4,5,6,7,8,9,10,11,12,13,14,15,16,17,18,19,20,21,22,23,24,25,26],[0,1,2,3,4,5,6,7,8,9,10,11,12,13,14,15,16,17,18,19,20,21,22,23,24,25,26]],[[{"name":"note_Frame","rect":[259,424,269,93],"offset":[0,0],"originalSize":[269,93],"capInsets":[0,0,0,0]}],[0],0,[],[],[]],[[{"name":"extra_time_base","rect":[75,4,120,30],"offset":[0,0],"originalSize":[120,30],"capInsets":[0,0,0,0]}],[0],0,[],[],[]],[[{"name":"table_info_base_selected","rect":[717,69,192,79],"offset":[0,0],"originalSize":[192,79],"capInsets":[0,0,0,0]}],[0],0,[],[],[]],[[{"name":"circle_base","rect":[436,69,77,78],"offset":[0,0],"originalSize":[77,78],"capInsets":[0,0,0,0]}],[0],0,[],[],[]],[[{"name":"empty_seat_icon","rect":[899,4,53,59],"offset":[0,0],"originalSize":[53,59],"capInsets":[0,0,0,0]}],[0],0,[],[],[]],[[{"name":"gray_base","rect":[4,330,270,88],"offset":[0,0],"originalSize":[270,88],"capInsets":[0,0,0,0]}],[0],0,[],[],[]],[[{"name":"table_info_base","rect":[519,69,192,79],"offset":[0,0],"originalSize":[192,79],"capInsets":[48,20,48,23]}],[0],0,[],[],[]],[[{"name":"winner_text","rect":[4,69,155,62],"offset":[0,0],"originalSize":[155,62],"capInsets":[0,0,0,0]}],[0],0,[],[],[]]]]