[1,["f3qPOHofhG86TxbwNYE0cn","fcMpCLJapJAomS4FRyH9uG","80lAMMS9pNz6Y2jUI7Nfw3","4ddXC7zwpJO6vPgPoC8VKO","0dFPqwSTdL34jIG6ylN1h3","cdnVn+vIdJxqw/wqElKdPA","adofJCBtdB4rbn2OpkW4IP","c87xm6ipFFTZflVeOzm4pK","0306WMn/1LPpLA2/ram7/+","b6NqsO+5NMrI4fMi5p/gHq","117EQNRXVHV5OiFedA/HmL"],["_textureSetter","Login","background","base","logo","mail","mobile_icon","otp","password","profile","signup"],["cc.SpriteFrame",["cc.SpriteAtlas",["_name","_spriteFrames"],2,11]],[[1,0,1,2]],[[[{"name":"password","rect":[0,0,30,36],"offset":[0,0],"originalSize":[30,36],"capInsets":[0,0,0,0]}],[0],0,[0],[0],[0]],[[{"name":"logo","rect":[594,0,241,228],"offset":[0,0],"originalSize":[241,228],"capInsets":[0,0,0,0]}],[0],0,[0],[0],[0]],[[{"name":"signup","rect":[437,0,157,38],"offset":[0,0],"originalSize":[157,38],"capInsets":[4,6,2,4]}],[0],0,[0],[0],[0]],[[{"name":"background","rect":[0,303,854,480],"offset":[0,0],"originalSize":[854,480],"capInsets":[0,0,0,0]}],[0],0,[0],[0],[0]],[[{"name":"mobile_icon","rect":[30,0,30,32],"offset":[0,0],"originalSize":[30,32],"capInsets":[0,0,0,0]}],[0],0,[0],[0],[0]],[[{"name":"otp","rect":[137,0,143,47],"offset":[0,0],"originalSize":[143,47],"capInsets":[8,5,8,5]}],[0],0,[0],[0],[0]],[[{"name":"mail","rect":[98,0,39,29],"offset":[0,0],"originalSize":[39,29],"capInsets":[0,0,0,0]}],[0],0,[0],[0],[0]],[[[0,"MLogin.plist",[{},"Login",6,0,"background",6,1,"base",6,2,"logo",6,3,"mail",6,4,"mobile_icon",6,5,"otp",6,6,"password",6,7,"profile",6,8,"signup",6,9]]],0,0,[0,0,0,0,0,0,0,0,0,0],[1,2,3,4,5,6,7,8,9,10],[1,2,3,4,5,6,7,8,9,10]],[[{"name":"Login","rect":[280,0,157,38],"offset":[0,0],"originalSize":[157,38],"capInsets":[6,6,4,5]}],[0],0,[0],[0],[0]]]]