[1,["b3vaUhlhVHHavzAIrF9pbe","fdXnGOfp5BgZ6OhHD3PRvh","88XJLRWo1MzrpsEJnhQU5Z","7aYriXn+JDyrtrsM6l/QjV","aaPVkQlEhF4owuxngbFj4Z","40AYu+/mNNjKuUTqnhH2DN","c1QvJHho5ODqqDIYE6uym1","5fcgsm49NIKp6XPpyWbh5o","aavnV3pfdEUJxzdAPNmvzR","8dfEjwLtpPLZ6DZ8DFIZIr","ee54ehg3dNfpV2nLPYMhOI","601bS0wtJJy5y3dE9siwoZ","cbHcmSyWRDR58w/A5FdP48","e6lH+4yL5IWpFZRNJCS2Jj","7dZSRVfCRBFIkzBudTlxKD","cdlqOxh29OyaQm1c8AXKs2","62nSBA/3dCjIWNPeTQDQR7","8bB/RLkmVCJLsQHXxuWuch","48fG1vO+NA4YtwlfjnmJgy","366EbadW5CObJ8r6tmikLC","da0VEpQClHPIIrno7yKvOK","48IuMQ72hGOaow/P+uFZGJ","b1pXVYs1tONrGXMiZpxE6e","1exSCEss1KLpMhTjgvWdL3","c8mcm9K2ZHkZiEs1JprdVF","13l3Sv3yBLeIpx417dAxQQ","74Ga2XzDxOe6pRCsk70Kwj","04wNw4wEdAs7BmYL9wGLat","0a6bnVS/5NKpX7AC+fgwgT","56ejK440xNea+6Qja7vgnx","eephpY6YBFj7vgMGj0QFos","30g2jSOv5BUZzOzedEoT7O","58WehZAc5O77vEh3V41kK2","57pWIfjf1FsrKY0KDwEmtE","06wMGMeGdLwJGrsIku5J4t","73Celuif1OlYdSpzqXtZS2","69JaXWuT1MT6EOgbjbi113","b5pbeBrI1Btqg5Qtco0fI2","37LxDWQfRGXLHfoSvvJyFm","39jnSdbc9D8Jr08g0uwqhb","369P/5l8xLaLvO0dhRdAzY","2f5uygUfRJhZSps9yJKlXk","ba96swm5pH9ZsMKckgNdeR","048zhWcCdAb6fomFrJqeC8","0ahSViC9BNF5o4yeGqoomY","58+XnOx9RDSqBy3/smw+Xo","02fQ82jFBB7phsabTvfnE8","ddznkg31pDBbdBdCIXTJhE","4bsup6pp5NDr0ntG0Aq8lx","1azh9kdKpJYIVgk9M641hF","2aSJ/NhdBIWKbbcYpp07lS","6fTtXkCgFCrrTh/VAY3+rI","90fsXlY9VGQpyqDe6ABVXo","0c7X0mN6BBLa6LEbVwvaPZ","ccNsDzb5tNZbgeolBy1L8o","84o5zwV2hA66fJfT6PUp7t","222pnIkbtEIq4HWx4B2/0N","12gg91ALNNJI7GcmGlSYkI","3d9sh77T1I+YxaFMj05g8B","db//xiHLZHwYtM1N5Lck4q","94LcE+RSNMJIXKDJXCh/Br","3f/RrKJJlEjoLXJOTGp7gs","c5cjEPob5D3JSyOX0Nsd/f"],["_textureSetter","1x","2x","3x","Cash_amount","Cash_out_base","Leave_button","My_profile","Play_button","Play_button_press","Profile_frame","Retry_button","Total_earning","add_chips","avatar_button","base","base_2","base_v","cancel","claim","club","custom_button","dealer_chat","diamond","divider_line","division_line","downward","forward_button","heart","loading","log_out_button","logout","meter_base","next","next_2","next_press","password","pause_button","pause_button_press","player_base","player_chat","previous","profile_base","select_avatar","select_button","select_cards","slider","slider_base","slider_v","sound","spade","stop_button","stop_press","submit_button","tile_deselect","tile_select","toggle_off","toggle_on","total_transactions","upward","vip_stars","withdrawl","withdrawl_chips_click"],["cc.SpriteFrame",["cc.SpriteAtlas",["_name","_spriteFrames"],2,11]],[[1,0,1,2]],[[[{"name":"forward_button","rect":[1656,0,55,50],"offset":[0,0],"originalSize":[55,50],"capInsets":[0,0,0,0]}],[0],0,[0],[0],[0]],[[{"name":"select_avatar","rect":[1754,0,144,52],"offset":[0,0],"originalSize":[144,52],"capInsets":[0,0,0,0]}],[0],0,[0],[0],[0]],[[{"name":"next_2","rect":[1176,0,35,34],"offset":[0,0],"originalSize":[35,34],"capInsets":[0,0,0,0]}],[0],0,[0],[0],[0]],[[{"name":"select_button","rect":[1590,117,239,73],"offset":[0,0],"originalSize":[239,73],"capInsets":[9,8,9,6]}],[0],0,[0],[0],[0]],[[{"name":"heart","rect":[610,271,82,90],"offset":[0,0],"originalSize":[82,90],"capInsets":[0,0,0,0]}],[0],0,[0],[0],[0]],[[{"name":"submit_button","rect":[0,190,223,74],"offset":[0,0],"originalSize":[223,74],"capInsets":[15,15,15,20]}],[0],0,[0],[0],[0]],[[{"name":"toggle_on","rect":[1403,0,87,39],"offset":[0,0],"originalSize":[87,39],"capInsets":[0,0,0,0]}],[0],0,[0],[0],[0]],[[{"name":"division_line","rect":[0,0,710,7],"offset":[0,0],"originalSize":[710,7],"capInsets":[0,0,0,0]}],[0],0,[0],[0],[0]],[[{"name":"diamond","rect":[446,271,82,90],"offset":[0,0],"originalSize":[82,90],"capInsets":[0,0,0,0]}],[0],0,[0],[0],[0]],[[{"name":"toggle_off","rect":[1316,0,87,39],"offset":[0,0],"originalSize":[87,39],"capInsets":[0,0,0,0]}],[0],0,[0],[0],[0]],[[{"name":"spade","rect":[528,271,82,90],"offset":[0,0],"originalSize":[82,90],"capInsets":[0,0,0,0]}],[0],0,[0],[0],[0]],[[{"name":"previous","rect":[1211,0,35,34],"offset":[0,0],"originalSize":[35,34],"capInsets":[0,0,0,0]}],[0],0,[0],[0],[0]],[[{"name":"logout","rect":[928,190,275,75],"offset":[0,0],"originalSize":[275,75],"capInsets":[0,0,0,0]}],[0],0,[0],[0],[0]],[[{"name":"claim","rect":[1528,0,128,49],"offset":[0,0],"originalSize":[128,49],"capInsets":[0,0,0,0]}],[0],0,[0],[0],[0]],[[{"name":"player_chat","rect":[1065,0,40,33],"offset":[0,0],"originalSize":[40,33],"capInsets":[0,0,0,0]}],[0],0,[0],[0],[0]],[[{"name":"pause_button_press","rect":[1286,52,81,59],"offset":[0,0],"originalSize":[81,59],"capInsets":[0,0,0,0]}],[0],0,[0],[0],[0]],[[{"name":"player_base","rect":[692,271,1055,100],"offset":[0,0],"originalSize":[1055,100],"capInsets":[0,0,0,0]}],[0],0,[0],[0],[0]],[[{"name":"total_transactions","rect":[1005,0,30,32],"offset":[0,0],"originalSize":[30,32],"capInsets":[0,0,0,0]}],[0],0,[0],[0],[0]],[[{"name":"withdrawl","rect":[1438,190,363,81],"offset":[0,0],"originalSize":[363,81],"capInsets":[0,0,0,0]}],[0],0,[0],[0],[0]],[[{"name":"Cash_out_base","rect":[0,1266,1016,477],"offset":[0,0],"originalSize":[1016,477],"capInsets":[0,0,0,0]}],[0],0,[0],[0],[0]],[[{"name":"custom_button","rect":[0,117,211,65],"offset":[0,0],"originalSize":[211,65],"capInsets":[14,16,14,0]}],[0],0,[0],[0],[0]],[[{"name":"cancel","rect":[1203,190,235,75],"offset":[0,0],"originalSize":[235,75],"capInsets":[10,13,8,10]}],[0],0,[0],[0],[0]],[[{"name":"slider_v","rect":[1105,0,34,33],"offset":[0,0],"originalSize":[34,33],"capInsets":[0,0,0,0]}],[0],0,[0],[0],[0]],[[{"name":"loading","rect":[1213,796,474,470],"offset":[0,0],"originalSize":[474,470],"capInsets":[0,0,0,0]}],[0],0,[0],[0],[0]],[[{"name":"next","rect":[914,52,81,59],"offset":[0,0],"originalSize":[81,59],"capInsets":[0,0,0,0]}],[0],0,[0],[0],[0]],[[{"name":"meter_base","rect":[818,0,107,19],"offset":[0,0],"originalSize":[107,19],"capInsets":[9,6,9,6]}],[0],0,[0],[0],[0]],[[{"name":"select_cards","rect":[1490,0,38,44],"offset":[0,0],"originalSize":[38,44],"capInsets":[0,0,0,0]}],[0],0,[0],[0],[0]],[[{"name":"My_profile","rect":[1035,0,30,32],"offset":[0,0],"originalSize":[30,32],"capInsets":[0,0,0,0]}],[0],0,[0],[0],[0]],[[{"name":"Retry_button","rect":[458,190,235,75],"offset":[0,0],"originalSize":[235,75],"capInsets":[15,15,15,15]}],[0],0,[0],[0],[0]],[[{"name":"base_2","rect":[0,796,601,386],"offset":[0,0],"originalSize":[601,386],"capInsets":[0,0,0,0]}],[0],0,[0],[0],[0]],[[{"name":"password","rect":[0,52,294,54],"offset":[0,0],"originalSize":[294,54],"capInsets":[15,15,15,15]}],[0],0,[0],[0],[0]],[[{"name":"stop_button","rect":[1658,52,83,64],"offset":[0,0],"originalSize":[83,64],"capInsets":[0,0,0,0]}],[0],0,[0],[0],[0]],[[{"name":"next_press","rect":[752,52,81,59],"offset":[0,0],"originalSize":[81,59],"capInsets":[0,0,0,0]}],[0],0,[0],[0],[0]],[[{"name":"downward","rect":[925,0,25,24],"offset":[0,0],"originalSize":[25,24],"capInsets":[0,0,0,0]}],[0],0,[0],[0],[0]],[[{"name":"3x","rect":[746,0,36,15],"offset":[0,0],"originalSize":[36,15],"capInsets":[0,0,0,0]}],[0],0,[0],[0],[0]],[[{"name":"avatar_button","rect":[1824,52,211,65],"offset":[0,0],"originalSize":[211,65],"capInsets":[13,14,13,4]}],[0],0,[0],[0],[0]],[[{"name":"tile_select","rect":[995,52,291,59],"offset":[0,0],"originalSize":[291,59],"capInsets":[0,0,0,0]}],[0],0,[0],[0],[0]],[[{"name":"2x","rect":[782,0,36,15],"offset":[0,0],"originalSize":[36,15],"capInsets":[0,0,0,0]}],[0],0,[0],[0],[0]],[[{"name":"base_v","rect":[1004,433,538,363],"offset":[0,0],"originalSize":[538,363],"capInsets":[0,0,0,0]}],[0],0,[0],[0],[0]],[[[0,"Common2.plist",[{},"1x",6,0,"2x",6,1,"3x",6,2,"Cash_amount",6,3,"Cash_out_base",6,4,"Leave_button",6,5,"My_profile",6,6,"Play_button",6,7,"Play_button_press",6,8,"Profile_frame",6,9,"Retry_button",6,10,"Total_earning",6,11,"add_chips",6,12,"avatar_button",6,13,"base",6,14,"base_2",6,15,"base_v",6,16,"cancel",6,17,"claim",6,18,"club",6,19,"custom_button",6,20,"dealer_chat",6,21,"diamond",6,22,"divider_line",6,23,"division_line",6,24,"downward",6,25,"forward_button",6,26,"heart",6,27,"loading",6,28,"log_out_button",6,29,"logout",6,30,"meter_base",6,31,"next",6,32,"next_2",6,33,"next_press",6,34,"password",6,35,"pause_button",6,36,"pause_button_press",6,37,"player_base",6,38,"player_chat",6,39,"previous",6,40,"profile_base",6,41,"select_avatar",6,42,"select_button",6,43,"select_cards",6,44,"slider",6,45,"slider_base",6,46,"slider_v",6,47,"sound",6,48,"spade",6,49,"stop_button",6,50,"stop_press",6,51,"submit_button",6,52,"tile_deselect",6,53,"tile_select",6,54,"toggle_off",6,55,"toggle_on",6,56,"total_transactions",6,57,"upward",6,58,"vip_stars",6,59,"withdrawl",6,60,"withdrawl_chips_click",6,61]]],0,0,[0,0,0,0,0,0,0,0,0,0,0,0,0,0,0,0,0,0,0,0,0,0,0,0,0,0,0,0,0,0,0,0,0,0,0,0,0,0,0,0,0,0,0,0,0,0,0,0,0,0,0,0,0,0,0,0,0,0,0,0,0,0],[1,2,3,4,5,6,7,8,9,10,11,12,13,14,15,16,17,18,19,20,21,22,23,24,25,26,27,28,29,30,31,32,33,34,35,36,37,38,39,40,41,42,43,44,45,46,47,48,49,50,51,52,53,54,55,56,57,58,59,60,61,62],[1,2,3,4,5,6,7,8,9,10,11,12,13,14,15,16,17,18,19,20,21,22,23,24,25,26,27,28,29,30,31,32,33,34,35,36,37,38,39,40,41,42,43,44,45,46,47,48,49,50,51,52,53,54,55,56,57,58,59,60,61,62]],[[{"name":"Play_button_press","rect":[588,52,82,56],"offset":[0,0],"originalSize":[82,56],"capInsets":[0,0,0,0]}],[0],0,[0],[0],[0]],[[{"name":"stop_press","rect":[1741,52,83,64],"offset":[0,0],"originalSize":[83,64],"capInsets":[0,0,0,0]}],[0],0,[0],[0],[0]],[[{"name":"vip_stars","rect":[1246,0,36,34],"offset":[0,0],"originalSize":[36,34],"capInsets":[0,0,0,0]}],[0],0,[0],[0],[0]],[[{"name":"Cash_amount","rect":[294,52,294,54],"offset":[0,0],"originalSize":[294,54],"capInsets":[0,0,0,0]}],[0],0,[0],[0],[0]],[[{"name":"Play_button","rect":[670,52,82,56],"offset":[0,0],"originalSize":[82,56],"capInsets":[0,0,0,0]}],[0],0,[0],[0],[0]],[[{"name":"dealer_chat","rect":[1282,0,34,38],"offset":[0,0],"originalSize":[34,38],"capInsets":[0,0,0,0]}],[0],0,[0],[0],[0]],[[{"name":"pause_button","rect":[833,52,81,59],"offset":[0,0],"originalSize":[81,59],"capInsets":[0,0,0,0]}],[0],0,[0],[0],[0]],[[{"name":"profile_base","rect":[0,433,1004,205],"offset":[0,0],"originalSize":[1004,205],"capInsets":[0,0,0,0]}],[0],0,[0],[0],[0]],[[{"name":"withdrawl_chips_click","rect":[1227,117,363,72],"offset":[0,0],"originalSize":[363,72],"capInsets":[0,0,0,0]}],[0],0,[0],[0],[0]],[[{"name":"divider_line","rect":[211,117,1016,69],"offset":[0,0],"originalSize":[1016,69],"capInsets":[0,0,0,0]}],[0],0,[0],[0],[0]],[[{"name":"Total_earning","rect":[975,0,30,32],"offset":[0,0],"originalSize":[30,32],"capInsets":[0,0,0,0]}],[0],0,[0],[0],[0]],[[{"name":"tile_deselect","rect":[1367,52,291,59],"offset":[0,0],"originalSize":[291,59],"capInsets":[0,0,0,0]}],[0],0,[0],[0],[0]],[[{"name":"base","rect":[601,796,612,469],"offset":[0,0],"originalSize":[612,469],"capInsets":[0,0,0,0]}],[0],0,[0],[0],[0]],[[{"name":"club","rect":[364,271,82,90],"offset":[0,0],"originalSize":[82,90],"capInsets":[0,0,0,0]}],[0],0,[0],[0],[0]],[[{"name":"add_chips","rect":[0,271,364,82],"offset":[0,0],"originalSize":[364,82],"capInsets":[0,0,0,0]}],[0],0,[0],[0],[0]],[[{"name":"log_out_button","rect":[693,190,235,75],"offset":[0,0],"originalSize":[235,75],"capInsets":[0,0,0,0]}],[0],0,[0],[0],[0]],[[{"name":"1x","rect":[710,0,36,15],"offset":[0,0],"originalSize":[36,15],"capInsets":[0,0,0,0]}],[0],0,[0],[0],[0]]]]