[1,0,0,["cc.SpriteFrame"],0,[[[{"name":"Queen_green","rect":[1430,0,143,142],"offset":[0,0],"originalSize":[143,142],"capInsets":[0,0,0,0]}],[0],0,[],[],[]],[[{"name":"jack_red","rect":[429,0,143,142],"offset":[0,0],"originalSize":[143,142],"capInsets":[0,0,0,0]}],[0],0,[],[],[]],[[{"name":"Queen_red","rect":[1573,0,143,142],"offset":[0,0],"originalSize":[143,142],"capInsets":[0,0,0,0]}],[0],0,[],[],[]],[[{"name":"king_blue","rect":[715,0,143,142],"offset":[0,0],"originalSize":[143,142],"capInsets":[0,0,0,0]}],[0],0,[],[],[]],[[{"name":"king_red","rect":[1001,0,143,142],"offset":[0,0],"originalSize":[143,142],"capInsets":[0,0,0,0]}],[0],0,[],[],[]],[[{"name":"jack_blue","rect":[143,0,143,142],"offset":[0,0],"originalSize":[143,142],"capInsets":[0,0,0,0]}],[0],0,[],[],[]],[[{"name":"Queen_blue","rect":[1287,0,143,142],"offset":[0,0],"originalSize":[143,142],"capInsets":[0,0,0,0]}],[0],0,[],[],[]],[[{"name":"queen_black","rect":[1144,0,143,142],"offset":[0,0],"originalSize":[143,142],"capInsets":[0,0,0,0]}],[0],0,[],[],[]],[[{"name":"jack_green","rect":[286,0,143,142],"offset":[0,0],"originalSize":[143,142],"capInsets":[0,0,0,0]}],[0],0,[],[],[]],[[{"name":"king_green","rect":[858,0,143,142],"offset":[0,0],"originalSize":[143,142],"capInsets":[0,0,0,0]}],[0],0,[],[],[]],[[{"name":"jack_black","rect":[0,0,143,142],"offset":[0,0],"originalSize":[143,142],"capInsets":[0,0,0,0]}],[0],0,[],[],[]],[[{"name":"king_balck","rect":[572,0,143,142],"offset":[0,0],"originalSize":[143,142],"capInsets":[0,0,0,0]}],[0],0,[],[],[]]]]