[1,["a2te1CHYFFUJnuNlWteqrb"],["_textureSetter"],["cc.SpriteFrame"],0,[[[{"name":"Right_button","rect":[613,4,111,102],"offset":[0,0],"originalSize":[111,102],"capInsets":[20,0,0,0]}],[0],0,[0],[0],[0]],[[{"name":"Chat","rect":[173,4,65,65],"offset":[0,0],"originalSize":[65,65],"capInsets":[0,0,0,0]}],[0],0,[0],[0],[0]],[[{"name":"min_max_button","rect":[4,116,212,73],"offset":[0,0],"originalSize":[212,73],"capInsets":[0,0,0,0]}],[0],0,[0],[0],[0]],[[{"name":"leftt_button","rect":[729,4,111,102],"offset":[0,0],"originalSize":[111,102],"capInsets":[0,0,14,0]}],[0],0,[0],[0],[0]]]]