[1,["b3vaUhlhVHHavzAIrF9pbe"],["_textureSetter"],["cc.SpriteFrame"],0,[[[{"name":"slider","rect":[1711,0,43,52],"offset":[0,0],"originalSize":[43,52],"capInsets":[7,7,7,7]}],[0],0,[0],[0],[0]],[[{"name":"sound","rect":[1139,0,37,34],"offset":[0,0],"originalSize":[37,34],"capInsets":[0,0,0,0]}],[0],0,[0],[0],[0]],[[{"name":"Leave_button","rect":[223,190,235,75],"offset":[0,0],"originalSize":[235,75],"capInsets":[15,15,15,15]}],[0],0,[0],[0],[0]],[[{"name":"upward","rect":[950,0,25,24],"offset":[0,0],"originalSize":[25,24],"capInsets":[0,0,0,0]}],[0],0,[0],[0],[0]],[[{"name":"slider_base","rect":[1016,1266,43,608],"offset":[0,0],"originalSize":[43,608],"capInsets":[0,0,0,0]}],[0],0,[0],[0],[0]],[[{"name":"Profile_frame","rect":[1747,271,157,162],"offset":[0,0],"originalSize":[157,162],"capInsets":[0,0,0,0]}],[0],0,[0],[0],[0]]]]