[1,["5fymopiutBDqGmadoi4XVd","3aSCflUu5H2o/vABimfrfa","5cq1y1tXJIuL0eZw8Ldxfl","b2BJUaZ7BM95ZpfPTQDEER","3axBqSwwtCoKM7/Ao8HWN+","30VIR3ceVO0oIAjH1xWoS7","9djVXxUulOJaHWRGBzNoPb"],["Downward_arrow","Omaha_default_button","lock_icon","slider","slider_base","upward_arrow","white_base"],["cc.SpriteFrame",["cc.SpriteAtlas",["_name","_spriteFrames"],2,11]],[[1,0,1,2]],[[[{"name":"upward_arrow","rect":[67,0,27,22],"offset":[0,0],"originalSize":[27,22],"capInsets":[0,0,0,0]}],[0],0,[],[],[]],[[{"name":"Omaha_default_button","rect":[0,138,189,35],"offset":[0,0],"originalSize":[189,35],"capInsets":[0,0,0,0]}],[0],0,[],[],[]],[[{"name":"slider_base","rect":[40,0,27,138],"offset":[0,0],"originalSize":[27,138],"capInsets":[0,0,0,0]}],[0],0,[],[],[]],[[{"name":"lock_icon","rect":[0,0,15,19],"offset":[0,0],"originalSize":[15,19],"capInsets":[0,0,0,0]}],[0],0,[],[],[]],[[{"name":"Downward_arrow","rect":[94,0,27,22],"offset":[0,0],"originalSize":[27,22],"capInsets":[0,0,0,0]}],[0],0,[],[],[]],[[[0,"MLobby2.plist",[{},"Downward_arrow",6,0,"Omaha_default_button",6,1,"lock_icon",6,2,"slider",6,3,"slider_base",6,4,"upward_arrow",6,5,"white_base",6,6]]],0,0,[0,0,0,0,0,0,0],[0,1,2,3,4,5,6],[0,1,2,3,4,5,6]],[[{"name":"white_base","rect":[121,0,50,50],"offset":[0,0],"originalSize":[50,50],"capInsets":[4,2,3,3]}],[0],0,[],[],[]],[[{"name":"slider","rect":[15,0,25,83],"offset":[0,0],"originalSize":[25,83],"capInsets":[0,0,0,0]}],[0],0,[],[],[]]]]